,goalsPerGame,goalsAgainstPerGame,powerPlayPercentage,penaltyKillPercentage,shotsPerGame,shotsAllowed,shootingPctg,savePctg,savesPerGame,failedShotsPerGame,ties,winScoreFirstGreater61_high,aboveMeanAdjWins
0,2.888,4.375,14.3,75.3,26.3875,32.0,10.9,86.3,27.616,23.5112625,7,0,-19.470588235294116
1,4.463,3.363,22.5,81.5,30.275,33.3875,14.7,89.9,30.015362500000002,25.824575,4,1,12.029411764705884
2,3.925,3.8,25.1,78.1,31.8875,31.55,12.3,88.0,27.764,27.9653375,9,1,6.529411764705884
3,4.375,3.625,20.2,76.6,36.75,28.65,11.9,87.3,25.01145,32.37675,10,1,9.029411764705884
4,3.175,4.875,20.9,76.0,28.3375,36.35,11.2,86.6,31.479100000000003,25.1637,6,0,-20.970588235294116
5,4.2,3.263,24.0,83.1,29.9625,26.175,14.0,87.5,22.903125,25.76775,6,1,12.029411764705884
6,3.938,3.213,22.0,82.0,29.8625,26.8375,13.2,88.0,23.616999999999997,25.920650000000002,7,1,11.529411764705884
7,3.575,3.688,20.1,79.7,28.65,25.7,12.5,85.7,22.0249,25.068749999999998,5,1,-2.470588235294116
8,3.788,4.838,21.7,73.6,29.3625,35.4,12.9,86.3,30.550199999999997,25.5747375,9,0,-9.470588235294116
9,3.85,2.825,20.2,86.4,31.675,24.425,12.2,88.4,21.5917,27.81065,5,1,10.529411764705884
10,3.463,3.888,20.2,78.3,30.65,31.6,11.3,87.7,27.7132,27.18655,8,0,-5.970588235294116
11,3.725,4.038,22.2,75.2,29.1,28.925,12.8,86.0,24.8755,25.3752,7,0,-5.470588235294116
12,3.663,3.95,22.4,74.8,30.325,30.0,12.1,86.8,26.04,26.655675,7,1,-4.470588235294116
13,3.888,3.925,21.6,80.2,32.0625,32.8625,12.1,88.1,28.951862499999997,28.1829375,14,0,1.029411764705884
14,5.575,3.925,25.5,79.7,32.6375,33.0125,17.1,88.1,29.084012500000004,27.0564875,5,1,19.529411764705884
15,3.825,4.1,24.7,76.4,31.175,29.4125,12.3,86.1,25.3241625,27.340475,9,0,-3.470588235294116
16,3.863,4.7,20.8,72.1,30.8875,31.6875,12.5,85.2,26.99775,27.0265625,13,0,-10.470588235294116
17,3.3,4.325,19.4,76.7,29.6875,29.9125,11.1,85.5,25.575187500000002,26.392187500000002,10,0,-13.058823529411768
18,4.313,3.9,25.1,82.2,30.1875,32.4125,14.3,88.0,28.523,25.8706875,6,1,2.941176470588232
19,3.688,4.313,24.0,80.6,29.8,35.1125,12.4,87.7,30.793662499999996,26.1048,10,0,-9.058823529411768
20,4.35,3.013,22.3,79.8,33.7,29.825,12.9,89.9,26.812675,29.352700000000002,7,1,16.441176470588232
21,3.45,4.813,17.3,76.0,28.125,37.0375,12.3,87.0,32.222625,24.665625,5,0,-13.558823529411768
22,3.788,3.588,21.8,79.8,30.0,27.2125,12.6,86.8,23.620449999999998,26.22,10,0,0.941176470588232
23,3.625,2.963,24.1,82.4,28.8625,23.7625,12.6,87.5,20.7921875,25.225825,14,0,4.941176470588232
24,3.863,3.275,24.0,79.2,30.2,24.65,12.8,86.7,21.37155,26.3344,12,1,6.941176470588232
25,3.163,4.475,19.8,73.9,29.075,32.875,10.9,86.4,28.404,25.905825,8,0,-16.058823529411768
26,4.025,3.0,23.8,77.1,31.925,25.8,12.6,88.4,22.8072,27.90245,9,1,10.441176470588232
27,3.863,3.738,21.8,77.2,29.9625,33.1375,12.9,88.7,29.392962500000003,26.0973375,7,1,1.441176470588232
28,3.913,4.463,22.1,73.3,28.425,31.5,13.8,85.8,27.027,24.50235,12,0,-7.058823529411768
29,3.738,3.6,21.9,76.1,31.075,29.8125,12.0,87.9,26.2051875,27.346,12,0,2.941176470588232
30,4.538,3.775,24.8,74.2,34.9375,31.2,13.0,87.9,27.4248,30.395625,12,1,6.941176470588232
31,5.013,3.725,25.7,78.3,32.4375,32.85,15.5,88.7,29.13795,27.4096875,11,1,14.441176470588232
32,3.55,5.013,19.5,70.5,31.1625,33.2625,11.4,84.89999999999999,28.2398625,27.609975000000002,9,0,-10.558823529411768
33,4.238,4.075,23.5,81.9,31.8875,30.3375,13.3,86.6,26.272274999999997,27.6464625,14,0,0.941176470588232
34,3.75,4.675,19.6,74.2,29.175,31.1625,12.9,85.0,26.488125,25.411425,3,0,-10.5
35,4.088,3.55,22.7,78.4,29.4,33.2375,13.9,89.3,29.681087499999997,25.313399999999998,12,0,5.0
36,3.5,3.45,20.1,77.8,31.825,29.975,11.0,88.5,26.527875,28.32425,6,0,-1.0
37,4.188,3.013,23.6,82.8,34.125,28.8875,12.3,89.60000000000001,25.8832,29.927625,4,1,15.0
38,3.913,3.813,22.5,77.0,30.225,31.1125,12.9,87.7,27.2856625,26.325975,8,0,-2.0
39,3.888,3.6,22.6,76.0,30.7625,27.2875,12.6,86.8,23.685550000000003,26.886425,12,0,3.0
40,3.7,3.638,21.6,80.5,29.975,29.8875,12.3,87.8,26.241225,26.288075000000003,6,0,0.0
41,4.125,3.5,25.2,79.3,29.425,27.1125,14.0,87.1,23.6149875,25.3055,7,1,3.5
42,3.888,4.825,18.3,77.3,31.325,34.6625,12.4,86.1,29.8444125,27.4407,7,0,-11.5
43,3.938,3.4,22.8,81.0,30.3,27.7,13.0,87.7,24.2929,26.361,7,1,13.5
44,4.388,4.363,25.9,77.9,32.4375,34.8875,13.5,87.5,30.526562500000004,28.0584375,8,1,3.0
45,3.325,5.188,20.9,71.0,28.5,32.85,11.7,84.2,27.6597,25.1655,6,0,-20.0
46,3.775,3.638,21.6,77.2,31.4375,32.25,12.0,88.7,28.60575,27.665,9,0,1.5
47,4.425,3.938,24.3,76.2,34.5625,31.425,12.8,87.5,27.496875,30.1385,9,1,4.5
48,5.325,3.875,26.3,81.1,33.0625,34.725,16.1,88.8,30.835800000000003,27.739437499999998,7,1,19.5
49,3.525,4.163,21.2,78.6,29.525,30.1875,11.9,86.2,26.021625,26.011525,13,0,-10.5
50,3.55,4.863,17.5,71.9,30.3,32.625,11.7,85.1,27.763875,26.7549,8,0,-13.0
51,3.663,4.6,21.9,73.2,29.4625,33.6375,12.4,86.3,29.0291625,25.80915,6,0,-7.911764705882355
52,3.488,3.513,25.1,78.0,31.0125,27.8375,11.2,87.4,24.329974999999997,27.5391,12,0,1.088235294117645
53,3.838,4.038,19.9,81.1,30.9,31.9625,12.4,87.4,27.935225,27.0684,8,1,-1.911764705882355
54,3.875,3.063,19.0,82.2,30.175,30.7125,12.8,90.0,27.64125,26.3126,8,1,10.088235294117645
55,3.713,3.625,20.9,76.1,30.325,29.45,12.2,87.7,25.82765,26.62535,12,0,-3.911764705882355
56,3.763,3.45,19.6,81.5,30.0625,29.6,12.5,88.3,26.1368,26.3046875,7,0,2.588235294117645
57,3.5,3.85,18.6,75.6,30.325,29.0625,11.5,86.8,25.22625,26.837625,8,0,-7.911764705882355
58,3.463,3.013,21.0,83.3,28.0,27.125,12.4,88.9,24.114125,24.528,10,0,6.088235294117645
59,3.575,3.988,17.2,78.0,30.125,32.4375,11.9,87.7,28.4476875,26.540125,6,0,-4.911764705882355
60,3.563,3.475,19.2,80.9,28.425,29.525,12.5,88.2,26.04105,24.871875,10,0,3.088235294117645
61,3.625,3.875,17.0,76.2,32.0125,33.875,11.3,88.6,30.01325,28.395087500000002,14,0,-3.911764705882355
62,3.25,3.425,20.5,78.6,27.175,28.8125,12.0,88.1,25.3838125,23.914,10,1,-0.911764705882355
63,3.513,3.663,24.6,81.4,29.3375,29.55,12.0,87.6,25.8858,25.817,15,0,-0.41176470588235503
64,3.975,3.613,25.0,79.8,31.6,30.325,12.6,88.1,26.716325,27.6184,3,1,7.588235294117645
65,4.65,3.55,22.4,80.0,29.4625,29.625,15.8,88.0,26.07,24.807425,6,1,13.088235294117645
66,3.525,3.925,23.3,75.9,29.725,28.5125,11.9,86.2,24.577775,26.187725,8,0,-6.911764705882355
67,3.975,4.263,25.3,73.1,30.9125,31.125,12.9,86.3,26.860875,26.9247875,8,0,-4.911764705882355
68,3.688,3.7,20.8,78.4,29.95,28.0,12.3,86.8,24.304,26.26615,6,1,-0.352941176470587
69,3.85,3.338,22.5,77.4,30.2125,31.6125,12.7,89.4,28.261575,26.3755125,10,1,2.647058823529413
70,3.75,3.538,22.6,80.6,31.7625,30.475,11.8,88.4,26.9399,28.014525,10,0,-0.352941176470587
71,3.65,3.65,18.0,81.0,31.025,30.55,11.8,88.1,26.914550000000002,27.36405,9,1,1.147058823529413
72,3.988,3.95,22.2,76.4,31.3,31.05,12.7,87.3,27.106650000000002,27.3249,9,1,-0.852941176470587
73,3.75,3.138,16.6,83.5,32.4125,27.2,11.6,88.5,24.072,28.65265,6,1,5.647058823529413
74,3.538,3.813,17.2,78.1,29.875,32.2125,11.8,88.2,28.411424999999998,26.34975,11,1,1.147058823529413
75,3.725,2.975,15.9,83.8,29.9625,28.775,12.4,89.7,25.811175,26.247149999999998,13,1,10.147058823529413
76,3.413,4.313,15.6,77.9,30.1375,33.9875,11.3,87.3,29.6710875,26.731962499999998,10,0,-15.352941176470587
77,3.513,3.113,20.0,81.0,30.7625,27.825,11.4,88.8,24.7086,27.255575,9,0,1.147058823529413
78,3.55,4.1,23.2,80.2,29.3375,35.675,12.1,88.5,31.572374999999997,25.7876625,9,0,-6.852941176470587
79,4.025,3.363,18.8,83.9,28.1875,30.2375,14.3,88.9,26.8811375,24.1566875,11,0,5.147058823529413
80,3.475,3.675,19.9,79.3,28.5625,30.3125,12.2,87.9,26.6446875,25.077875,8,0,-3.352941176470587
81,4.963,3.813,28.5,80.4,33.325,29.65,14.9,87.1,25.825149999999997,28.359575000000003,9,1,11.147058823529413
82,4.538,3.6,21.9,80.8,29.2625,29.55,15.5,87.8,25.9449,24.726812499999998,11,1,8.147058823529413
83,3.4,4.0,18.6,79.5,28.7625,30.4625,11.8,86.9,26.4719125,25.368524999999998,9,0,-11.852941176470587
84,3.975,4.488,21.7,77.4,30.75,32.1125,12.9,86.0,27.616749999999996,26.78325,8,0,-7.352941176470587
85,3.513,4.063,18.3,75.4,31.2,29.8875,11.3,86.4,25.8228,27.6744,12,0,-8.352941176470587
86,3.313,4.063,22.5,73.6,30.3625,30.7875,10.9,86.8,26.72355,27.0529875,5,0,-10.852941176470587
87,3.875,3.838,18.6,77.0,34.0125,30.7125,11.4,87.5,26.873437499999998,30.135075000000004,8,1,-0.352941176470587
88,3.838,3.563,26.7,81.5,29.8625,30.55,12.9,88.3,26.97565,26.0102375,8,0,-1.352941176470587
89,4.338,4.363,24.5,77.0,28.5125,35.7,15.2,87.8,31.344600000000003,24.1786,7,1,2.147058823529413
90,3.613,3.2,19.9,82.0,31.375,26.75,11.5,88.0,23.54,27.766875,14,0,2.647058823529413
91,3.638,3.738,20.5,79.0,27.9,29.725,13.0,87.4,25.97965,24.273,7,0,0.14705882352941302
92,3.938,2.725,21.0,82.2,30.85,26.5375,12.8,89.7,23.804137500000003,26.901200000000003,9,1,16.147058823529413
93,3.238,4.275,16.7,72.7,27.0625,34.2875,12.0,87.5,30.001562500000002,23.815,6,0,-10.352941176470587
94,3.813,3.238,21.8,79.8,31.175,27.55,12.2,88.2,24.2991,27.371650000000002,10,0,4.647058823529413
95,3.713,4.188,21.0,74.6,32.8625,31.4125,11.3,86.7,27.2346375,29.1490375,12,0,-8.352941176470587
96,3.913,3.95,20.7,81.5,28.6875,31.375,13.6,87.4,27.42175,24.786,12,0,-1.352941176470587
97,3.438,3.563,20.3,76.7,29.0875,28.0875,11.8,87.3,24.5203875,25.655175,12,1,-2.352941176470587
98,4.425,2.825,25.2,82.8,34.6375,25.7375,12.8,89.0,22.906375,30.2039,9,1,17.147058823529413
99,4.063,3.825,19.8,82.8,27.8125,30.4,14.6,87.4,26.569599999999998,23.751875,8,0,0.647058823529413
100,3.138,3.163,19.0,80.8,30.5375,28.275,10.3,88.8,25.1082,27.3921375,8,0,-4.352941176470587
101,4.7,4.188,20.6,80.3,31.5625,33.7125,14.9,87.6,29.532149999999998,26.8596875,7,0,4.147058823529413
102,3.688,3.6,19.0,80.3,30.8,30.7125,12.0,88.3,27.119137499999997,27.104,9,0,0.235294117647058
103,3.513,3.6,23.6,76.5,29.4875,33.525,11.9,89.3,29.937825,25.9784875,11,0,-4.764705882352942
104,3.488,3.338,23.5,78.7,29.8125,30.0375,11.7,88.9,26.7033375,26.324437500000002,13,0,1.235294117647058
105,3.625,3.713,19.2,81.0,30.85,31.8,11.8,88.3,28.0794,27.2097,11,0,-5.764705882352942
106,3.975,4.488,21.3,74.7,29.0,33.55,13.7,86.6,29.054299999999998,25.027,8,0,-5.264705882352942
107,3.613,2.9,23.6,83.2,32.6375,26.8375,11.1,89.2,23.939049999999998,29.014737500000003,9,1,9.235294117647058
108,3.575,3.1,22.1,83.5,30.2,31.55,11.8,90.2,28.4581,26.6364,8,1,7.735294117647058
109,3.6,2.925,15.9,80.7,31.1,28.75,11.6,89.8,25.8175,27.4924,11,1,5.235294117647058
110,4.213,4.475,23.3,78.2,30.4375,34.975,13.8,87.2,30.4982,26.237125,4,1,-1.264705882352942
111,3.55,3.438,17.0,80.8,30.2625,29.05,11.7,88.2,25.6221,26.7217875,6,1,-2.264705882352942
112,3.95,3.675,22.9,80.2,33.0,27.35,12.0,86.6,23.685100000000002,29.04,6,1,2.735294117647058
113,3.6,4.038,16.4,75.3,28.275,31.0625,12.7,87.0,27.024375,24.684075,14,0,-6.264705882352942
114,3.688,3.488,22.5,80.9,29.1625,29.5,12.6,88.2,26.019000000000002,25.488025,9,0,0.235294117647058
115,4.35,3.313,27.7,79.2,34.35,25.3375,12.7,86.9,22.0182875,29.987550000000002,15,0,8.235294117647058
116,3.938,3.538,20.6,80.3,28.15,29.0625,14.0,87.8,25.516875,24.209,14,1,3.735294117647058
117,3.063,3.825,17.1,74.8,28.8375,30.3375,10.6,87.4,26.514975,25.780725,14,0,-9.264705882352942
118,4.225,4.213,22.2,76.0,29.65,31.0375,14.2,86.4,26.8164,25.4397,7,1,-3.764705882352942
119,3.4,3.3,19.9,79.7,31.1875,27.95,10.9,88.2,24.6519,27.7880625,15,1,-2.558823529411768
120,2.788,3.625,16.1,77.9,27.1,31.1875,10.3,88.4,27.56975,24.3087,10,0,-12.058823529411768
121,3.713,3.313,23.6,79.8,30.55,31.875,12.2,89.60000000000001,28.560000000000002,26.8229,13,0,0.44117647058823195
122,3.15,3.338,20.1,80.8,28.55,28.675,11.0,88.4,25.3487,25.4095,10,0,-4.058823529411768
123,4.275,3.813,22.9,79.2,30.2,34.0375,14.2,88.8,30.2253,25.9116,6,1,1.941176470588232
124,3.738,3.3,21.1,82.6,31.4,28.0,11.9,88.2,24.696,27.6634,12,1,7.941176470588232
125,3.65,3.475,18.2,83.2,30.125,30.4,12.1,88.6,26.9344,26.479875,19,0,-1.558823529411768
126,3.413,3.113,18.5,80.8,29.8125,28.95,11.4,89.2,25.8234,26.413875,11,1,2.441176470588232
127,3.013,3.975,17.6,77.5,29.2875,32.1625,10.3,87.6,28.17435,26.2708875,11,0,-13.558823529411768
128,3.225,3.225,18.8,86.0,29.625,26.4,10.9,87.8,23.179199999999998,26.395875,7,0,-1.558823529411768
129,3.55,2.638,22.1,83.8,32.05,27.675,11.1,90.5,25.045875000000002,28.492449999999998,8,1,10.941176470588232
130,3.413,3.725,16.4,77.7,28.875,29.4125,11.8,87.3,25.6771125,25.46775,8,1,-4.058823529411768
131,3.875,3.125,20.1,83.8,31.875,29.3125,12.2,89.3,26.1760625,27.986250000000002,11,1,10.441176470588232
132,4.3,3.288,23.7,81.7,32.55,27.5,13.2,88.0,24.2,28.253399999999996,8,0,7.941176470588232
133,3.4,3.4,17.4,79.4,27.5875,30.35,12.3,88.8,26.9508,24.1942375,6,1,-2.058823529411768
134,3.038,3.938,16.6,77.6,29.975,29.6375,10.1,86.7,25.6957125,26.947525000000002,9,0,-9.558823529411768
135,4.25,3.175,20.5,83.0,30.125,30.15,14.1,89.5,26.98425,25.877375,10,1,8.941176470588232
136,3.613,3.238,17.5,81.8,31.1875,28.625,11.6,88.7,25.390375,27.56975,11,1,2.055555555555557
137,3.638,3.738,22.1,76.5,27.825,32.875,13.1,88.6,29.12725,24.179925,11,1,-1.9444444444444429
138,4.013,3.075,20.9,84.8,32.9125,31.7875,12.2,90.3,28.7041125,28.897175,5,1,11.055555555555557
139,3.15,3.413,16.6,80.6,29.05,28.6875,10.8,88.1,25.2736875,25.9126,11,0,-3.944444444444443
140,4.288,3.85,21.8,79.9,31.775,31.475,13.5,87.8,27.63505,27.485374999999998,9,1,2.055555555555557
141,3.375,3.438,19.0,80.2,33.3,29.2375,10.1,88.2,25.787475,29.9367,12,1,0.5555555555555571
142,3.613,3.738,22.5,78.5,32.5,32.25,11.1,88.4,28.509,28.892500000000002,12,0,-4.444444444444443
143,3.338,2.588,19.5,81.2,30.5375,27.8375,10.9,90.7,25.2486125,27.2089125,11,1,5.055555555555557
144,2.925,3.675,17.5,80.9,30.3125,31.125,9.6,88.2,27.45225,27.4025,7,0,-7.944444444444443
145,4.125,3.438,22.3,83.7,31.0125,28.3875,13.3,87.9,24.9526125,26.8878375,8,1,7.555555555555557
146,3.213,2.95,17.3,84.2,33.075,25.35,9.7,88.4,22.4094,29.866725000000002,15,0,2.055555555555557
147,4.0,3.2,18.6,81.4,30.975,27.975,12.9,88.6,24.78585,26.979225,12,1,7.555555555555557
148,3.488,3.325,19.2,83.5,29.7,33.8375,11.7,90.2,30.521425,26.2251,11,1,0.055555555555557135
149,3.7,3.813,21.0,78.1,30.9,30.875,12.0,87.7,27.077375,27.192,12,0,-4.444444444444443
150,3.688,3.713,18.6,78.0,27.7125,31.0625,13.3,88.0,27.335,24.0267375,10,1,-0.44444444444444287
151,3.563,3.125,19.4,80.1,33.3625,28.7375,10.7,89.1,25.6051125,29.792712499999997,12,1,6.555555555555557
152,3.588,3.7,19.2,81.8,30.2375,33.2875,11.9,88.9,29.5925875,26.6392375,14,0,0.5555555555555571
153,2.738,4.488,17.1,78.1,29.25,36.25,9.4,87.6,31.755,26.500500000000002,5,0,-21.944444444444443
154,3.667,3.56,19.2,81.4,33.0238,29.8095,11.1,88.1,26.2621695,29.358158200000002,7,1,-1.9722222222222214
155,3.988,3.536,21.6,79.5,31.0238,29.4167,12.9,88.0,25.886696,27.021729800000003,7,0,-1.9722222222222214
156,3.619,3.667,18.3,81.2,33.2619,33.6786,10.9,89.1,30.007632600000004,29.6363529,11,1,-5.972222222222221
157,3.798,3.798,18.1,77.4,29.7619,31.7976,12.8,88.1,28.0136856,25.9523768,11,0,-3.9722222222222214
158,4.369,3.19,23.9,83.2,32.4405,30.7262,13.5,89.60000000000001,27.5306752,28.0610325,7,1,14.027777777777779
159,3.952,3.19,20.9,83.0,34.4405,26.1071,11.5,87.8,22.922033799999998,30.4798425,7,1,9.027777777777779
160,3.988,3.536,20.3,83.5,31.7976,31.881,12.5,88.9,28.342209,27.8229,10,1,-2.4722222222222214
161,3.881,3.333,18.4,82.0,31.7738,30.0119,12.2,88.9,26.6805791,27.8973964,6,1,5.527777777777779
162,3.429,2.869,21.0,82.4,30.369,29.0476,11.3,90.10000000000001,26.1718876,26.937303,11,1,4.027777777777779
163,2.917,3.952,17.4,74.4,30.2262,30.4048,9.6,87.0,26.452176,27.3244848,7,0,-18.97222222222222
164,3.869,3.405,21.8,82.9,32.2024,28.4048,12.0,88.0,24.996224,28.338112,7,1,1.0277777777777786
165,3.321,2.738,18.4,83.5,32.2262,27.3214,10.3,90.0,24.58926,28.9069014,12,1,7.527777777777779
166,4.393,3.333,24.9,81.2,32.9167,28.869,13.3,88.5,25.549065,28.538778899999997,9,1,6.027777777777779
167,3.357,3.31,21.9,83.7,29.0357,33.8095,11.6,90.2,30.496169000000002,25.6675588,11,1,-2.9722222222222214
168,3.833,3.357,19.0,83.1,31.3929,29.4762,12.2,88.6,26.115913199999998,27.5629662,11,1,3.0277777777777786
169,2.881,4.012,15.9,77.2,27.9405,33.7619,10.3,88.1,29.744233899999998,25.062628500000002,8,0,-15.472222222222221
170,4.119,3.31,17.3,78.5,31.6905,29.4405,13.0,88.8,26.143164,27.570735,9,1,5.027777777777779
171,4.024,4.048,20.1,78.5,33.9881,34.381,11.8,88.2,30.324042000000002,29.977504200000002,10,1,-1.4722222222222214
172,3.643,2.619,18.3,81.1,31.631,29.0119,11.5,91.0,26.400829,27.993435,12,1,8.659090909090907
173,3.357,3.143,20.1,81.1,29.8929,30.4881,11.2,89.7,27.3478257,26.544895200000003,12,1,-2.3409090909090935
174,3.56,2.75,23.0,84.6,34.1786,27.7143,10.4,90.10000000000001,24.970584300000002,30.624025600000003,8,1,11.659090909090907
175,3.5,3.738,20.8,80.7,28.6786,31.7024,12.2,88.2,27.961516800000002,25.1798108,10,1,-4.3409090909090935
176,3.56,3.393,18.8,82.0,32.5119,31.8571,10.9,89.3,28.4483903,28.968102899999998,13,1,6.1590909090909065
177,3.44,3.0,21.7,84.7,35.4762,25.1548,9.7,88.1,22.1613788,32.0350086,13,1,4.1590909090909065
178,3.357,2.595,22.6,84.7,28.2024,29.3095,11.9,91.10000000000001,26.7009545,24.8463144,9,1,3.1590909090909065
179,3.369,2.952,20.1,82.6,31.2024,30.1548,10.8,90.2,27.1996296,27.8325408,14,1,3.6590909090909065
180,3.333,2.893,19.2,81.9,30.119,30.4048,11.1,90.5,27.516344000000004,26.775791,12,1,4.6590909090909065
181,2.774,2.774,15.9,82.6,27.2738,33.4286,10.2,91.7,30.654026200000004,24.491872400000002,17,0,-2.8409090909090935
182,2.667,2.988,14.7,82.7,29.7976,27.3333,8.9,89.1,24.3539703,27.1456136,11,0,-8.840909090909093
183,3.298,3.131,18.1,81.6,31.0238,25.8571,10.6,87.9,22.7283909,27.735277200000002,10,1,-0.3409090909090935
184,3.024,2.857,17.5,83.4,30.2976,29.2619,10.0,90.2,26.394233800000002,27.26784,9,1,-0.8409090909090935
185,4.238,3.274,20.8,80.9,35.5952,27.4167,11.9,88.1,24.1541127,31.3593712,8,1,5.6590909090909065
186,3.214,3.369,20.5,81.2,30.5952,35.0714,10.5,90.4,31.7045456,27.382704,11,1,1.1590909090909065
187,3.595,3.048,21.2,80.7,31.4286,27.5119,11.4,88.9,24.458079100000003,27.845739599999998,13,1,4.1590909090909065
188,3.107,3.631,18.4,80.5,30.3452,34.4167,10.2,89.5,30.8029465,27.2499896,14,0,-12.340909090909093
189,3.321,3.286,18.8,81.7,31.25,27.2024,10.6,87.9,23.9109096,27.9375,3,0,-1.8409090909090935
190,2.726,2.988,14.4,82.7,28.5952,31.1429,9.5,90.4,28.1531816,25.878656,5,0,-8.840909090909093
191,3.405,3.155,18.4,84.1,30.4524,30.8214,11.2,89.8,27.6776172,27.0417312,13,0,4.1590909090909065
192,3.5,3.833,20.7,80.5,32.9643,36.2619,10.6,89.4,32.4181386,29.470084200000002,12,0,-11.340909090909093
193,3.0,3.155,16.0,78.6,25.0119,28.4405,12.0,88.9,25.2836045,22.010472,16,0,-3.3409090909090935
194,2.833,2.521,13.4,81.2,30.0833,25.375,9.4,90.10000000000001,22.862875,27.255469800000004,8,0,0.5
195,2.896,2.792,20.0,83.9,31.8542,26.3125,9.1,89.4,23.523375,28.9554678,3,0,-2.0
196,3.125,2.75,19.6,80.8,27.375,26.8542,11.4,89.8,24.1150716,24.25425,4,1,4.5
197,3.771,3.292,19.0,79.9,29.1667,32.875,12.9,90.0,29.587500000000002,25.4041957,3,1,5.0
198,3.125,2.646,21.8,86.9,34.3958,24.3333,9.1,89.1,21.680970300000002,31.265782200000004,3,1,3.0
199,2.708,2.479,18.6,85.5,26.5833,30.375,10.2,91.8,27.88425,23.8718034,7,0,0.0
200,2.604,3.083,16.3,80.6,28.6667,31.9167,9.1,90.3,28.8207801,26.0580303,7,0,-4.0
201,2.813,3.042,17.0,84.9,31.6667,31.9167,8.9,90.5,28.8846135,28.8483637,8,0,-0.5
202,2.396,2.646,13.1,83.2,24.8125,28.4583,9.7,90.7,25.8116781,22.4056875,6,1,-2.5
203,2.833,2.5,19.9,84.5,28.875,24.8333,9.8,89.9,22.3251367,26.04525,8,1,0.5
204,3.25,2.396,24.5,84.2,30.0625,24.8958,10.8,90.4,22.505803200000003,26.81575,5,1,1.0
205,3.75,2.438,24.2,86.4,32.7292,25.125,11.5,90.3,22.687875000000002,28.965342,4,1,9.5
206,3.708,2.813,16.4,80.3,29.3958,28.25,12.6,90.0,25.425,25.6919292,5,1,5.0
207,3.396,2.813,18.5,85.1,30.2292,29.3333,11.2,90.4,26.5173032,26.8435296,7,1,2.0
208,2.833,3.813,16.2,77.7,29.7292,30.6042,9.5,87.5,26.778675,26.904926,4,0,-6.5
209,3.188,3.083,19.8,83.5,32.8958,29.6042,9.7,89.60000000000001,26.5253632,29.704907400000003,12,0,-1.5
210,2.833,2.813,15.7,84.4,31.6667,28.9167,8.9,90.3,26.1117801,28.8483637,8,0,-4.5
211,2.958,3.625,17.5,81.0,30.0625,34.75,9.8,89.60000000000001,31.136,27.116375,9,0,-5.0
212,2.688,3.354,11.8,81.2,24.0,31.6042,11.2,89.4,28.2541548,21.312,4,0,-4.5
213,2.622,2.463,14.9,84.6,32.1585,26.5,8.2,90.7,24.0355,29.521503,12,1,1.8125
214,2.793,3.841,18.8,78.3,28.1707,32.0366,9.9,88.0,28.192208,25.3818007,10,0,-14.1875
215,3.317,2.89,19.8,82.0,32.5732,30.1585,10.2,90.4,27.263284000000002,29.2507336,14,1,6.8125
216,3.439,2.537,19.7,85.8,30.8537,25.8902,11.1,90.2,23.3529604,27.4289393,13,1,10.3125
217,4.415,3.463,25.9,83.3,32.2561,34.6341,13.7,90.0,31.170689999999997,27.837014300000003,4,1,9.8125
218,3.439,3.28,18.7,80.3,34.6098,26.878,9.9,87.8,23.598884,31.1834298,11,0,4.3125
219,3.012,3.195,15.9,84.0,28.4512,35.5122,10.6,91.0,32.316102,25.4353728,7,1,-4.6875
220,3.232,3.024,19.0,82.2,28.8171,32.3902,11.2,90.7,29.377911400000002,25.5895848,10,1,3.8125
221,2.329,3.549,12.3,77.9,26.878,30.5366,8.7,88.4,26.9943544,24.539614,5,0,-20.6875
222,3.012,3.073,18.9,82.6,32.622,31.8415,9.2,90.3,28.7528745,29.620776,12,1,-1.1875
223,3.098,2.854,17.3,83.0,28.8293,27.8902,10.7,89.8,25.0453996,25.7445649,10,1,4.8125
224,2.902,3.024,20.8,84.5,31.0488,29.6341,9.3,89.8,26.611421800000002,28.1612616,12,1,2.8125
225,2.854,2.488,15.6,82.6,30.122,24.9024,9.5,90.0,22.41216,27.26041,11,1,3.3125
226,3.329,2.683,17.7,85.5,27.3171,28.4634,12.2,90.60000000000001,25.7878404,23.9844138,14,1,5.8125
227,3.963,2.207,21.3,88.3,32.2927,24.1707,12.3,90.9,21.9711663,28.320697900000003,7,1,24.3125
228,2.671,3.024,16.5,83.0,31.0732,29.8049,8.6,89.9,26.794605100000002,28.4009048,16,0,-1.1875
229,2.939,2.927,18.4,80.1,30.0732,27.0854,9.8,89.2,24.1601768,27.1260264,11,0,-1.6875
230,3.976,2.927,21.3,83.8,32.2439,28.9024,12.3,89.9,25.9832576,28.277900299999995,10,1,10.8125
231,2.927,3.707,15.9,80.8,29.9878,30.4024,9.8,87.8,26.6933072,27.0489956,8,0,-7.1875
232,3.39,3.39,16.8,81.3,30.1463,30.1585,11.2,88.8,26.780748,26.7699144,15,0,-1.6875
233,2.854,3.012,14.1,80.8,28.7073,32.1829,9.9,90.60000000000001,29.157707399999996,25.865277300000002,8,1,-2.1875
234,2.768,3.415,15.1,80.4,30.1463,30.8049,9.2,88.9,27.3855561,27.3728404,14,0,-8.1875
235,3.122,3.683,18.0,81.1,31.378,35.4268,9.9,89.60000000000001,31.7424128,28.271578,18,0,-8.1875
236,3.073,4.354,16.1,76.6,26.1341,33.122,11.8,86.9,28.783018,23.0502762,7,0,-17.6875
237,2.817,2.22,13.9,88.1,31.622,26.3415,8.9,91.60000000000001,24.128814000000002,28.807642,14,1,10.875
238,2.927,3.049,13.9,83.4,26.6829,30.2561,11.0,89.9,27.2002339,23.747781,12,0,-6.125
239,3.146,2.817,21.9,79.9,30.8293,31.561,10.2,91.10000000000001,28.752071,27.6847114,10,1,1.875
240,3.341,2.646,14.6,85.7,32.2439,25.6951,10.4,89.7,23.048504700000002,28.890534399999996,13,1,10.375
241,3.476,3.415,21.8,81.1,29.439,34.2927,11.8,90.0,30.863430000000005,25.965198,8,1,0.875
242,2.854,3.659,14.8,81.8,29.5976,29.6463,9.6,87.7,25.9998051,26.7562304,9,0,-10.625
243,2.89,2.537,13.2,83.8,25.4878,33.2683,11.3,92.4,30.739909200000003,22.6076786,12,1,4.875
244,3.037,3.366,15.7,79.5,30.1707,33.9024,10.1,90.10000000000001,30.5460624,27.1234593,15,0,-2.625
245,2.756,2.854,16.7,81.9,29.2317,25.8171,9.4,88.9,22.9514019,26.4839202,15,0,-2.625
246,2.805,3.329,15.5,82.0,29.2805,34.4268,9.6,90.3,31.0874004,26.469572,8,0,-7.125
247,2.695,2.451,14.2,85.5,29.1098,28.7805,9.3,91.5,26.3341575,26.4025886,19,1,3.375
248,2.646,3.012,13.8,84.8,31.3902,28.8415,8.4,89.60000000000001,25.841984,28.7534232,10,0,-4.125
249,2.61,2.817,15.8,84.8,28.9024,26.378,9.0,89.3,23.555554,26.301184,9,1,-3.625
250,2.72,2.561,14.8,84.2,30.378,29.4512,9.0,91.3,26.8889456,27.643980000000003,13,0,-0.625
251,3.085,2.402,17.9,86.7,33.2439,25.3049,9.3,90.5,22.9009345,30.152217299999997,18,1,5.875
252,2.878,2.915,15.3,83.4,29.4512,27.378,9.8,89.4,24.475932,26.5649824,11,0,0.375
253,2.61,2.915,16.9,83.2,31.3537,28.5,8.3,89.8,25.593,28.7513429,9,0,-4.625
254,3.378,2.5,20.6,87.6,31.9512,30.2073,10.6,91.7,27.7000941,28.5643728,9,1,12.375
255,3.073,3.012,18.0,82.5,30.7439,31.1707,10.0,90.3,28.1471421,27.66951,9,1,-0.625
256,3.134,3.329,16.8,80.8,28.061,30.2073,11.2,89.0,26.884497,24.918168,7,1,-2.625
257,2.988,2.841,16.8,81.5,28.4268,32.7805,10.5,91.3,29.928596500000005,25.441986,13,0,1.375
258,3.073,2.415,14.7,83.4,29.7439,25.3415,10.3,90.5,22.9340575,26.6802783,8,1,10.875
259,2.61,3.268,13.6,87.2,29.0122,33.8902,9.0,90.4,30.636740800000002,26.401102,11,0,-7.625
260,2.573,3.39,14.3,83.9,28.7805,29.2439,8.9,88.4,25.8516076,26.2190355,8,0,-10.125
261,2.744,2.024,18.9,86.7,29.2805,23.6951,9.4,91.5,21.681016500000002,26.528133,11,1,12.5
262,2.585,2.744,16.7,85.9,25.8415,28.7561,10.0,90.5,26.0242705,23.25735,11,0,-5.5
263,2.402,2.817,17.7,85.4,25.3049,28.0366,9.5,90.0,25.23294,22.9009345,18,0,-7.0
264,2.951,2.354,17.8,86.7,28.6829,25.4146,10.3,90.7,23.0510422,25.7285613,11,1,6.5
265,2.78,2.293,16.5,86.4,26.5366,26.8537,10.5,91.5,24.5711355,23.750257,18,1,8.0
266,2.695,2.366,17.3,84.6,27.1951,26.3537,9.9,91.0,23.981867,24.5027851,13,1,4.5
267,2.573,2.28,12.9,84.3,26.4878,31.2195,9.7,92.7,28.940476500000003,23.9184834,17,1,3.5
268,2.866,2.537,18.3,84.5,27.7683,26.0366,10.3,90.3,23.511049800000002,24.9081651,13,1,2.5
269,2.354,2.439,12.8,84.5,29.2805,24.8659,8.0,90.2,22.4290418,26.93806,15,1,0.5
270,2.366,2.89,11.4,86.6,27.7073,28.6829,8.5,89.9,25.785927100000002,25.352179500000002,9,0,-6.5
271,2.439,2.671,13.2,85.2,26.5488,27.6341,9.2,90.3,24.9535923,24.1063104,8,0,-4.0
272,2.476,3.122,13.4,79.7,27.7805,28.8049,8.9,89.2,25.6939708,25.308035500000003,15,0,-9.5
273,1.841,3.28,9.3,82.4,25.6098,28.9878,7.2,88.7,25.7121786,23.765894399999997,10,0,-19.0
274,2.671,2.463,15.7,89.2,27.1341,27.9512,9.8,91.2,25.4914944,24.4749582,12,0,5.0
275,2.341,2.427,12.9,84.8,27.7805,26.7195,8.4,90.9,24.2880255,25.446938,13,0,-4.5
276,3.049,2.39,17.6,86.4,30.8659,25.8293,9.9,90.7,23.4271751,27.8101759,15,1,10.5
277,3.122,2.488,16.9,86.7,26.8659,24.1341,11.6,89.7,21.6482877,23.7494556,8,1,8.0
278,2.646,3.073,12.1,84.0,27.6829,27.7561,9.6,88.9,24.6751729,25.0253416,15,0,-7.5
279,2.817,2.5,17.4,87.0,27.9268,29.5122,10.1,91.5,27.003663,25.1061932,17,1,6.5
280,2.622,2.732,15.9,83.7,28.6707,28.2073,9.1,90.3,25.4711919,26.061666300000002,10,0,-1.0
281,2.732,3.329,12.8,82.2,25.5122,30.2317,10.7,89.0,26.906213,22.7823946,14,0,-9.0
282,2.5,3.183,11.7,81.8,26.6341,30.3902,9.4,89.5,27.199229,24.130494600000002,13,0,-8.5
283,2.951,2.037,20.0,88.0,26.8293,22.8049,11.0,91.10000000000001,20.775263900000002,23.878077,11,1,13.5
284,2.768,2.744,14.2,84.2,26.8293,30.2561,10.3,90.9,27.5027949,24.0658821,11,1,2.5
285,2.561,2.634,13.5,85.2,26.4512,24.6341,9.7,89.3,21.9982513,23.8854336,10,1,-2.0
286,3.024,2.39,19.7,85.5,31.2805,24.7073,9.7,90.3,22.310691900000002,28.2462915,11,1,11.653846153846153
287,2.366,2.976,15.8,83.5,26.3049,28.4268,9.0,89.5,25.441986,23.937459,10,0,-11.846153846153847
288,2.646,2.768,20.4,85.7,25.4268,30.1951,10.4,90.8,27.4171508,22.7824128,11,0,-2.3461538461538467
289,2.817,2.39,16.8,84.1,29.8902,22.8902,9.4,89.60000000000001,20.5096192,27.0805212,19,0,5.653846153846153
290,2.951,2.744,17.9,81.5,25.4756,25.9634,11.6,89.4,23.2112796,22.5204304,14,1,4.153846153846153
291,2.61,2.207,17.7,89.2,27.5854,27.1463,9.5,91.9,24.9474497,24.964787,13,1,4.653846153846153
292,2.524,2.134,13.5,86.2,26.2195,30.0122,9.6,92.9,27.8813338,23.702428,17,1,4.653846153846153
293,2.244,2.549,14.5,87.2,27.6707,26.9146,8.1,90.5,24.357713,25.4293733,11,1,-3.3461538461538467
294,2.915,2.183,14.9,86.1,30.5244,25.2195,9.5,91.3,23.0254035,27.624582,15,1,10.653846153846153
295,3.268,2.817,14.4,80.3,28.2683,28.7683,11.6,90.2,25.9490066,24.9891772,7,1,7.653846153846153
296,2.561,2.463,11.0,85.3,26.122,29.2561,9.8,91.60000000000001,26.7985876,23.562044,18,1,2.1538461538461533
297,2.561,2.78,13.4,81.9,28.1341,28.7195,9.1,90.3,25.9337085,25.5738969,18,0,-1.8461538461538467
298,2.183,3.561,13.9,82.4,25.9756,32.1098,8.4,88.9,28.5456122,23.793649600000002,9,0,-17.346153846153847
299,2.439,2.659,17.3,84.4,28.9878,26.1341,8.4,89.8,23.4684218,26.5528248,6,1,-6.846153846153847
300,2.463,3.024,14.9,80.2,26.1585,29.3171,9.4,89.7,26.2974387,23.699601,12,0,-5.846153846153847
301,2.988,2.463,16.1,87.3,31.9756,27.0122,9.3,90.9,24.5540898,29.0018692,7,1,5.653846153846153
302,2.317,3.183,12.3,79.0,27.061,33.0366,8.6,90.4,29.8650864,24.733754,7,1,-9.346153846153847
303,2.89,2.549,20.3,87.9,30.1098,22.7805,9.6,88.8,20.229084,27.2192592,13,1,2.6538461538461533
304,2.573,2.854,14.3,79.8,28.5854,29.4512,9.0,90.3,26.594433600000002,26.012714000000003,12,0,-4.846153846153847
305,2.915,2.5,18.9,83.7,28.0366,27.8049,10.4,91.0,25.302459000000002,25.1207936,10,1,8.153846153846153
306,2.805,2.756,14.4,82.1,29.2195,27.1098,9.6,89.8,24.3446004,26.414428,12,1,-1.8461538461538467
307,2.341,3.146,15.9,82.9,23.7195,29.4146,9.9,89.3,26.2672378,21.3712695,12,0,-11.846153846153847
308,2.622,2.512,22.0,84.5,28.4268,31.6585,9.2,92.10000000000001,29.1574785,25.8115344,13,1,0.6538461538461533
309,2.878,2.049,18.8,86.5,27.6341,23.9634,10.4,91.5,21.926511,24.7601536,12,1,16.153846153846153
310,2.305,2.707,13.2,85.8,28.2561,29.9512,8.2,91.0,27.255592,25.9390998,5,1,-6.346153846153847
311,2.39,2.329,13.3,85.0,26.1341,27.0366,9.1,91.4,24.711452400000002,23.7558969,18,0,-0.8461538461538467
312,3.061,2.476,20.1,87.5,33.1341,25.622,9.2,90.3,23.136666,30.085762799999998,13,1,7.634615384615387
313,2.366,3.354,14.1,80.0,26.1829,33.439,9.0,90.0,30.095100000000002,23.826439,10,0,-14.865384615384613
314,2.659,3.0,16.9,83.2,29.4634,29.8293,9.0,89.9,26.8165407,26.811694,15,0,-7.365384615384613
315,2.89,2.183,20.3,86.7,30.4268,23.6463,9.5,90.8,21.4708404,27.536254,15,1,8.634615384615387
316,2.939,2.878,15.6,82.5,26.061,28.7317,11.3,90.0,25.858530000000002,23.116107,14,0,0.1346153846153868
317,2.561,3.024,14.4,79.5,30.6829,27.7317,8.3,89.1,24.7089447,28.1362193,25,0,-7.365384615384613
318,2.598,2.488,10.5,85.0,27.1707,26.9268,9.6,90.8,24.4495344,24.5623128,15,0,-1.3653846153846132
319,2.39,2.366,16.7,86.8,26.0366,27.6098,9.2,91.4,25.2353572,23.6412328,13,0,-2.365384615384613
320,2.976,2.561,16.8,87.5,31.5122,25.1707,9.4,89.8,22.6032886,28.5500532,13,1,3.634615384615387
321,3.0,2.707,17.8,82.4,26.3537,29.0976,11.4,90.7,26.3915232,23.3493782,10,1,6.134615384615387
322,2.646,2.634,17.0,84.2,26.3537,26.1098,10.0,89.9,23.4727102,23.71833,10,1,-1.8653846153846132
323,2.976,2.549,17.2,85.5,26.8049,29.6463,11.1,91.4,27.0967182,23.8295561,12,0,5.134615384615387
324,2.488,3.78,14.0,80.7,25.4146,30.4146,9.8,87.6,26.6431896,22.923969200000002,16,0,-16.865384615384613
325,2.768,2.366,15.0,86.2,27.6707,27.6829,10.0,91.5,25.329853500000002,24.90363,14,1,7.134615384615387
326,2.951,2.988,16.0,83.7,25.6829,29.2317,11.5,89.8,26.2500666,22.7293665,12,0,-4.865384615384613
327,3.39,2.561,20.4,85.8,31.9512,26.4512,10.6,90.3,23.8854336,28.5643728,12,1,10.134615384615387
328,2.427,2.927,13.5,85.1,27.0122,30.4756,9.0,90.4,27.5499424,24.581102,14,0,-8.865384615384613
329,3.024,2.012,17.8,87.8,29.8171,22.122,10.1,90.9,20.108898,26.8055729,12,1,13.134615384615387
330,2.573,3.122,17.9,79.7,30.0976,29.0366,8.5,89.2,25.9006472,27.539304,15,0,-5.365384615384613
331,2.841,2.451,19.5,84.5,26.6829,27.8415,10.6,91.2,25.391448,23.8545126,12,1,4.134615384615387
332,2.756,2.585,15.8,85.4,28.1707,28.2683,9.8,90.9,25.6958847,25.4099714,24,0,0.1346153846153868
333,2.768,2.89,15.8,80.4,26.6707,27.9512,10.4,89.7,25.0722264,23.8969472,23,0,-2.365384615384613
334,2.646,2.768,16.6,79.0,28.6829,27.5488,9.2,90.0,24.79392,26.0440732,15,0,-2.365384615384613
335,2.573,2.244,15.7,89.2,25.5976,26.622,10.1,91.60000000000001,24.385752,23.0122424,16,1,7.134615384615387
336,2.988,2.78,16.9,82.3,29.5244,27.9268,10.1,90.0,25.13412,26.5424356,16,1,3.134615384615387
337,2.744,2.61,16.4,83.6,27.4146,28.7439,10.0,90.9,26.128205100000002,24.67314,17,1,-0.3653846153846132
338,3.598,2.378,22.9,84.7,31.5854,24.6829,11.4,90.4,22.3133416,27.9846644,15,1,12.07142857142857
339,2.256,3.268,13.2,82.2,27.5244,29.0,8.2,88.7,25.723,25.2673992,10,0,-17.42857142857143
340,3.049,3.537,17.9,78.5,28.5976,31.4024,10.7,88.7,27.853928800000002,25.5376568,6,1,-7.428571428571431
341,2.927,2.524,15.7,82.5,29.9024,26.1463,9.8,90.3,23.6101089,26.971964800000002,14,1,6.571428571428569
342,3.427,3.122,20.3,80.7,29.1951,29.2317,11.7,89.3,26.1039081,25.7792733,12,1,4.571428571428569
343,2.768,3.037,16.4,82.8,28.7683,26.7195,9.6,88.6,23.673477000000002,26.0065432,16,1,0.5714285714285694
344,2.659,2.244,16.1,88.0,26.878,26.7683,9.9,91.60000000000001,24.519762800000002,24.217078,6,1,5.571428571428569
345,2.512,2.829,16.1,82.2,26.1951,28.0122,9.6,89.9,25.1829678,23.6803704,14,1,-8.42857142857143
346,3.341,2.5,18.6,86.4,30.1951,27.2561,11.1,90.8,24.748538800000002,26.8434439,13,1,11.07142857142857
347,2.829,2.524,16.1,85.0,27.7561,27.3659,10.2,90.8,24.8482372,24.9249778,16,1,1.5714285714285694
348,2.585,2.744,18.9,87.2,27.0366,26.9024,9.6,89.8,24.1583552,24.4410864,12,1,0.5714285714285694
349,2.439,3.0,13.0,83.9,26.4634,31.2073,9.2,90.4,28.211399200000002,24.0287672,22,0,-10.42857142857143
350,2.451,3.415,12.5,82.9,24.561,31.1829,10.0,89.0,27.752781,22.1049,11,0,-13.92857142857143
351,2.841,2.573,21.2,84.1,28.6341,27.7195,9.9,90.7,25.141586500000003,25.7993241,14,1,4.571428571428569
352,2.561,3.0,12.9,83.9,26.3415,26.7073,9.7,88.8,23.7160824,23.7863745,13,0,-7.928571428571431
353,3.085,2.463,22.1,85.7,32.3171,27.0854,9.5,90.9,24.6206286,29.246975500000005,13,1,12.07142857142857
354,2.268,2.439,14.1,85.2,26.6098,28.622,8.5,91.5,26.189130000000002,24.347967,12,1,-3.4285714285714306
355,3.037,2.378,18.7,85.3,30.4146,23.5732,10.0,89.9,21.1923068,27.37314,17,1,8.07142857142857
356,2.402,2.878,14.9,79.9,27.1951,27.122,8.8,89.4,24.247068,24.801931200000002,19,0,-6.928571428571431
357,3.293,2.341,22.0,82.8,29.2073,25.1098,11.3,90.7,22.7745886,25.9068751,14,1,15.57142857142857
358,2.963,2.707,14.8,83.8,26.1585,26.0854,11.3,89.60000000000001,23.3725184,23.202589500000002,15,1,3.0714285714285694
359,2.915,2.902,17.1,80.9,29.6829,25.878,9.8,88.8,22.979664,26.773975800000002,18,0,1.5714285714285694
360,2.293,2.988,17.7,81.8,25.8902,29.4756,8.9,89.9,26.4985644,23.5859722,16,0,-10.42857142857143
361,2.939,2.28,19.6,86.2,25.6098,24.9146,11.5,90.8,22.622456800000002,22.664673,10,1,9.57142857142857
362,3.073,2.78,19.4,81.2,27.9024,26.3415,11.0,89.4,23.549301,24.833136,16,1,2.5714285714285694
363,2.646,2.341,14.0,86.2,27.6463,26.4512,9.6,91.10000000000001,24.0970432,24.992255200000002,15,1,4.071428571428569
364,2.317,2.841,14.7,80.7,25.3902,30.1829,9.1,90.60000000000001,27.345707400000002,23.0796918,15,0,-7.928571428571431
365,2.049,2.561,9.6,84.7,24.6341,28.1341,8.3,90.9,25.5738969,22.589469700000002,18,0,-9.42857142857143
366,2.5,2.28,16.9,83.8,29.8171,23.1707,8.4,90.2,20.899971400000002,27.3124636,13,1,4.071428571428569
367,2.915,2.683,16.2,85.8,28.2805,27.8659,10.3,90.4,25.1907736,25.3676085,12,1,4.571428571428569
368,2.768,3.146,14.7,79.9,29.1707,31.9268,9.5,90.10000000000001,28.7660468,26.399483500000002,8,1,-3.4285714285714306
369,2.854,2.341,13.0,86.3,29.7805,26.0854,9.6,91.0,23.737714,26.921572,13,1,5.071428571428569
370,2.415,3.037,14.0,83.8,27.0122,29.1951,8.9,89.60000000000001,26.1588096,24.6081142,13,0,-8.92857142857143
371,2.878,2.451,13.8,87.1,31.6585,25.0854,9.1,90.2,22.6270308,28.777576500000002,15,1,7.071428571428569
372,2.598,2.439,13.3,86.5,27.9878,25.8537,9.3,90.60000000000001,23.4234522,25.3849346,12,1,-2.4285714285714306
373,2.524,2.549,14.9,86.3,25.5122,31.6707,9.9,92.0,29.137044000000003,22.9864922,15,1,0.0714285714285694
374,2.963,2.537,16.6,84.4,30.1098,25.9268,9.8,90.2,23.3859736,27.1590396,16,1,3.5714285714285694
375,3.037,2.524,15.5,84.5,28.5244,24.9268,10.6,89.9,22.4091932,25.5008136,14,1,6.571428571428569
376,2.646,2.646,16.1,83.7,28.622,27.0,9.2,90.2,24.354,25.988776,21,0,2.0714285714285694
377,2.195,3.049,14.7,80.7,26.8902,32.5122,8.2,90.60000000000001,29.4560532,24.6852036,16,0,-13.42857142857143
378,2.171,2.671,14.7,85.3,26.5732,30.7683,8.2,91.3,28.0914579,24.394197600000002,15,0,-8.92857142857143
379,2.78,2.927,19.4,82.2,27.9634,28.7439,9.9,89.8,25.8120222,25.1950234,13,1,-0.9285714285714306
380,2.634,2.524,17.9,81.5,27.6951,25.3293,9.5,90.0,22.79637,25.0640655,14,1,4.571428571428569
381,3.061,2.28,20.3,86.0,30.9512,26.3293,9.9,91.3,24.0386509,27.8870312,14,1,14.57142857142857
382,2.39,2.805,14.2,85.9,24.622,28.2195,9.7,90.10000000000001,25.4257695,22.233666,13,0,-8.92857142857143
383,2.768,2.293,17.4,85.2,29.0244,22.5244,9.5,89.8,20.2269112,26.267082000000002,12,1,5.571428571428569
384,2.451,2.683,15.1,81.5,26.9146,27.3415,9.1,90.2,24.662033,24.465371400000002,15,0,-3.9285714285714306
385,2.585,2.061,18.0,87.0,27.4634,26.5488,9.4,92.2,24.4779936,24.8818404,9,1,6.071428571428569
386,2.5,2.22,15.3,85.6,27.5122,25.8537,9.1,91.4,23.630281800000002,25.0085898,16,1,2.5714285714285694
387,3.098,2.573,18.6,85.0,28.3659,25.3537,10.9,89.9,22.7929763,25.2740169,10,1,3.5714285714285694
388,2.134,2.415,11.5,86.1,26.122,27.4756,8.2,91.2,25.0577472,23.979996,11,0,-8.92857142857143
389,2.622,2.598,17.1,81.5,28.4756,26.0366,9.2,90.0,23.432940000000002,25.8558448,18,0,1.5714285714285694
390,2.61,2.317,20.7,86.6,25.7317,25.0122,10.1,90.7,22.6860654,23.1327983,15,1,4.071428571428569
391,3.024,2.427,15.7,85.8,27.1707,28.4756,11.1,91.5,26.055174,24.154752300000002,11,1,6.071428571428569
392,2.0,3.11,14.0,83.0,24.9512,30.1098,8.0,89.7,27.008490600000002,22.955104000000002,13,0,-14.92857142857143
393,2.378,2.902,14.8,82.9,23.8293,28.0122,10.0,89.60000000000001,25.0989312,21.44637,21,0,-6.928571428571431
394,2.634,2.024,11.9,87.9,31.7195,23.5732,8.3,91.4,21.545904800000002,29.0867815,16,1,10.017857142857146
395,2.732,2.817,15.1,83.5,29.5976,28.2683,9.2,90.0,25.44147,26.874620800000002,13,0,-2.482142857142854
396,2.561,2.817,16.2,81.2,30.061,29.5854,8.5,90.5,26.774787,27.505815000000002,14,0,-4.982142857142854
397,2.573,2.024,14.3,85.2,30.939,24.622,8.3,91.8,22.602996,28.371063,17,1,9.517857142857146
398,2.305,3.11,18.3,83.5,25.3537,30.9146,9.1,89.9,27.7922254,23.0465133,11,0,-11.482142857142854
399,2.988,2.89,18.1,82.7,32.1463,28.3171,9.3,89.8,25.4287558,29.1566941,15,1,-0.4821428571428541
400,2.317,2.671,14.4,85.4,28.5976,28.0122,8.1,90.5,25.351041000000002,26.2811944,18,0,-7.982142857142854
401,2.512,2.854,14.0,81.7,25.8415,32.6585,9.7,91.3,29.817210499999998,23.3348745,17,0,-5.482142857142854
402,3.207,2.22,21.2,84.9,29.7805,24.7927,10.8,91.0,22.561357,26.564206,9,1,12.517857142857146
403,2.878,2.537,17.6,86.8,26.2561,29.5488,11.0,91.4,27.007603200000002,23.367929,10,1,5.017857142857146
404,2.085,2.927,13.8,81.9,29.439,28.439,7.1,89.7,25.509783000000002,27.348831,17,0,-13.482142857142854
405,2.146,2.89,14.1,81.5,27.1829,33.2317,7.9,91.3,30.340542099999997,25.0354509,22,0,-8.982142857142854
406,2.671,2.561,17.9,82.6,29.2073,28.0244,9.1,90.9,25.4741796,26.5494357,21,0,2.517857142857146
407,2.732,2.683,17.2,81.2,27.1098,29.9268,10.1,91.0,27.233388,24.3717102,14,1,2.017857142857146
408,2.524,2.756,12.7,84.8,27.7927,28.5976,9.1,90.4,25.8522304,25.263564300000002,19,0,-4.482142857142854
409,3.28,2.476,23.8,85.4,29.7683,28.7927,11.0,91.4,26.3165278,26.493787,14,1,11.017857142857146
410,2.232,2.512,13.9,82.7,28.2439,27.4634,7.9,90.9,24.9642306,26.012631900000002,20,0,-6.982142857142854
411,3.085,2.707,20.5,81.8,28.061,24.9634,11.0,89.2,22.2673528,24.97429,17,0,5.517857142857146
412,2.268,2.78,12.1,83.3,28.5488,27.0976,7.9,89.7,24.3065472,26.2934448,17,0,-6.482142857142854
413,3.061,2.366,18.7,82.5,29.0976,28.3293,10.5,91.60000000000001,25.949638800000002,26.042352,21,1,8.517857142857146
414,2.817,2.805,14.5,82.6,27.9634,27.4146,10.1,89.8,24.6183108,25.139096600000002,20,0,2.017857142857146
415,3.22,2.537,20.8,84.1,29.122,26.6463,11.1,90.5,24.114901500000002,25.889458,14,0,8.017857142857146
416,2.476,2.354,16.1,87.4,27.3902,28.9878,9.0,91.9,26.6397882,24.925082,15,1,3.517857142857146
417,2.988,2.061,19.0,85.5,30.0732,25.2805,9.9,91.8,23.207499000000002,27.0959532,19,1,11.517857142857146
418,2.476,2.695,14.7,83.3,27.7073,26.1098,8.9,89.7,23.4204906,25.2413503,12,0,-4.982142857142854
419,2.61,2.915,18.1,81.0,28.0854,29.1707,9.3,90.0,26.25363,25.473457800000002,17,0,-7.482142857142854
420,2.598,3.207,17.3,85.3,26.1341,32.2073,9.9,90.0,28.986569999999997,23.546824100000002,11,0,-9.482142857142854
421,2.415,2.171,14.2,86.0,25.439,28.4756,9.5,92.4,26.311454400000002,23.022295,11,1,3.517857142857146
422,2.598,2.0,16.4,85.3,29.6707,24.4024,8.8,91.8,22.4014032,27.059678400000003,14,1,6.089285714285715
423,2.89,2.561,16.7,85.5,28.5488,27.3659,10.1,90.60000000000001,24.7935054,25.6653712,15,1,1.5892857142857153
424,2.512,3.049,14.3,79.4,29.4634,29.2195,8.5,89.60000000000001,26.180672,26.959011,15,0,-9.410714285714285
425,2.793,2.268,20.7,83.3,29.4024,25.5122,9.5,91.10000000000001,23.2416142,26.609172,21,1,6.589285714285715
426,2.317,3.695,18.1,77.2,24.7439,33.1707,9.4,88.9,29.488752299999998,22.4179734,12,0,-14.910714285714285
427,2.549,2.293,16.0,83.6,30.4878,27.8049,8.4,91.8,25.524898200000003,27.926824800000002,22,0,8.089285714285715
428,2.683,2.695,15.8,84.8,28.061,28.5366,9.6,90.60000000000001,25.8541596,25.367144,11,0,-1.4107142857142847
429,2.537,2.341,17.2,82.5,27.6829,28.5854,9.2,91.8,26.2413972,25.136073200000002,11,1,2.5892857142857153
430,3.195,2.305,21.6,83.6,29.5244,24.878,10.8,90.7,22.564346,26.3357648,16,1,7.089285714285715
431,2.951,2.488,20.1,83.4,27.4756,26.4268,10.7,90.60000000000001,23.9426808,24.5357108,13,1,7.589285714285715
432,2.098,2.549,10.7,81.6,29.1951,26.2195,7.2,90.3,23.6762085,27.0930528,20,0,-5.910714285714285
433,2.293,2.695,16.8,86.4,27.7195,34.4878,8.3,92.2,31.7977516,25.4187815,19,0,-6.410714285714285
434,2.988,2.341,16.2,84.9,30.0,25.4268,10.0,90.8,23.0875344,27.0,14,1,9.089285714285715
435,2.268,3.085,19.2,81.3,23.7317,31.5366,9.6,90.2,28.4460132,21.4534568,13,0,-14.410714285714285
436,2.293,3.159,15.8,83.5,29.2805,30.7439,7.8,89.7,27.5772783,26.996621,19,0,-14.410714285714285
437,3.11,2.305,20.1,86.8,30.2927,26.2317,10.3,91.2,23.923310400000002,27.172551900000002,13,1,10.589285714285715
438,2.634,2.646,16.9,81.8,27.1585,28.4756,9.7,90.7,25.8273692,24.5241255,15,0,1.5892857142857153
439,2.329,2.415,17.9,84.5,27.1098,25.6463,8.6,90.60000000000001,23.2355478,24.778357200000002,13,1,1.5892857142857153
440,2.439,2.146,15.1,84.7,27.4146,25.4878,8.9,91.60000000000001,23.3468248,24.974700600000002,10,1,3.0892857142857153
441,2.878,2.415,20.4,83.8,29.4024,28.3537,9.8,91.5,25.9436355,26.5209648,20,0,6.089285714285715
442,2.695,2.537,13.0,81.1,28.439,26.5244,9.5,90.4,23.9780576,25.737295,17,1,0.5892857142857153
443,2.866,2.366,15.0,86.0,29.0122,26.622,9.9,91.10000000000001,24.252642,26.139992200000002,15,1,6.589285714285715
444,2.244,2.598,18.1,84.7,29.7317,29.7927,7.5,91.3,27.2007351,27.501822500000003,18,0,-5.910714285714285
445,2.366,2.134,15.8,85.8,26.7805,23.1951,8.8,90.8,21.0611508,24.423816000000002,15,1,4.589285714285715
446,2.5,2.646,14.0,80.7,28.6463,26.9878,8.7,90.2,24.342995600000002,26.1540719,25,0,-3.4107142857142847
447,2.671,2.232,16.6,85.3,28.0488,28.939,9.5,92.30000000000001,26.710697,25.384164000000002,18,1,8.089285714285715
448,2.159,2.902,14.5,85.2,27.8049,31.9878,7.8,90.9,29.0769102,25.6361178,12,0,-12.910714285714285
449,2.293,2.232,13.6,84.5,24.1707,29.061,9.5,92.30000000000001,26.823303000000003,21.8744835,23,0,-2.4107142857142847
450,2.841,2.744,17.8,81.9,29.2073,29.3049,9.7,90.60000000000001,26.550239400000002,26.3741919,9,1,4.607142857142854
451,2.695,3.354,16.9,79.2,30.2561,31.0854,8.9,89.2,27.7281768,27.5633071,6,1,-6.892857142857146
452,3.049,2.573,18.9,83.7,29.8537,28.7561,10.2,91.10000000000001,26.1968071,26.8086226,12,1,4.107142857142854
453,3.207,3.085,18.0,79.1,31.122,28.9268,10.3,89.3,25.8316324,27.916434,11,1,4.607142857142854
454,2.963,3.78,19.0,78.8,28.0122,33.2073,10.6,88.6,29.421667799999998,25.0429068,14,0,-16.892857142857146
455,2.78,3.146,14.8,83.7,30.622,32.1098,9.1,90.2,28.963039600000002,27.835398,16,0,-8.892857142857146
456,3.366,2.854,21.2,86.6,30.6098,30.5122,11.0,90.60000000000001,27.644053200000002,27.242722,6,1,9.107142857142854
457,2.939,2.976,19.2,81.1,30.122,30.5732,9.8,90.3,27.6075996,27.170044,9,1,0.6071428571428541
458,3.805,2.5,20.8,84.7,34.2805,28.5854,11.1,91.3,26.0984702,30.475364500000005,9,1,10.607142857142854
459,3.098,3.207,21.4,80.0,28.3293,30.5976,10.9,89.5,27.384852000000002,25.2414063,8,1,-0.8928571428571459
460,3.488,3.146,17.9,81.8,31.1341,30.4512,11.2,89.7,27.3147264,27.6470808,8,1,10.107142857142854
461,2.878,3.073,15.3,82.3,33.2195,34.7927,8.7,91.2,31.730942400000004,30.329403499999998,11,0,-3.392857142857146
462,3.0,3.122,16.7,81.5,31.6341,27.561,9.5,88.7,24.446607,28.628860500000002,6,1,0.1071428571428541
463,2.805,3.659,14.7,78.9,29.8171,35.122,9.4,89.60000000000001,31.469312000000002,27.0142926,12,0,-10.892857142857146
464,2.549,3.402,12.2,83.9,30.2439,29.4756,8.4,88.5,26.085906,27.7034124,13,0,-13.392857142857146
465,3.671,2.512,22.1,85.5,34.0976,26.5854,10.8,90.60000000000001,24.086372400000002,30.4150592,8,1,16.107142857142854
466,3.085,2.732,18.4,84.6,29.0244,32.4634,10.6,91.60000000000001,29.736474400000002,25.9478136,8,0,7.107142857142854
467,2.354,3.463,14.7,82.2,28.4756,30.6098,8.3,88.7,27.1508926,26.1121252,15,0,-17.392857142857146
468,2.634,2.354,18.2,84.2,28.0366,27.5732,9.4,91.5,25.229478,25.4011596,11,1,5.607142857142854
469,3.415,3.061,18.8,84.6,30.0488,29.4512,11.4,89.60000000000001,26.3882752,26.6232368,9,1,1.607142857142854
470,3.037,2.951,18.1,84.1,29.7805,25.5488,10.2,88.4,22.5851392,26.742889,13,1,1.607142857142854
471,3.073,3.061,18.2,81.8,28.7561,30.0732,10.7,89.8,27.0057336,25.679197300000002,8,1,0.1071428571428541
472,3.061,2.707,18.1,83.5,31.5244,29.6463,9.7,90.9,26.9484867,28.4665332,12,1,3.107142857142854
473,3.085,2.646,17.7,83.7,28.4878,25.5976,10.8,89.7,22.9610472,25.4111176,6,1,10.107142857142854
474,2.963,3.28,14.2,78.7,29.1951,29.9878,10.2,89.1,26.7191298,26.2171998,5,1,-1.392857142857146
475,3.232,2.866,18.2,80.7,30.2805,26.5854,10.7,89.2,23.7141768,27.0404865,11,1,3.607142857142854
476,2.622,3.366,14.2,81.8,27.439,33.6829,9.6,90.0,30.31461,24.804856,4,0,-8.892857142857146
477,2.756,2.585,17.0,87.4,26.7561,30.0,10.3,91.4,27.42,24.0002217,8,1,-3.892857142857146
478,2.512,2.354,17.7,85.2,28.7073,28.439,8.8,91.7,26.078563000000003,26.181057600000003,9,1,7.482142857142854
479,2.927,2.866,18.1,81.8,29.9878,32.5854,9.8,91.2,29.7178848,27.0489956,12,1,-0.017857142857145902
480,2.841,2.573,18.5,83.8,31.5366,28.4024,9.0,90.9,25.8177816,28.698306000000002,10,1,0.9821428571428541
481,2.598,3.622,14.1,84.5,28.7927,32.5976,9.0,88.9,28.9792664,26.201357,12,0,-18.017857142857146
482,3.256,2.927,20.3,82.1,28.8537,30.8537,11.3,90.5,27.9225985,25.5932319,11,1,6.482142857142854
483,2.561,3.476,17.2,81.7,28.9024,33.5122,8.9,89.60000000000001,30.0269312,26.330086400000003,6,0,-8.017857142857146
484,3.634,2.902,17.4,81.3,29.4756,31.0,12.3,90.60000000000001,28.086000000000002,25.8501012,7,1,10.482142857142854
485,2.915,3.061,22.8,83.5,29.5854,32.7439,9.9,90.7,29.6987173,26.6564454,6,1,-1.017857142857146
486,3.488,2.634,17.9,84.5,32.3293,30.2317,10.8,91.3,27.6015421,28.837735600000002,9,1,6.482142857142854
487,3.098,3.195,17.7,78.5,32.6951,28.4146,9.5,88.8,25.2321648,29.589065499999997,11,1,-0.5178571428571459
488,2.939,3.024,15.0,84.6,31.2073,28.4878,9.4,89.4,25.468093200000002,28.2738138,8,1,-2.017857142857146
489,2.988,3.037,18.1,82.4,33.2927,29.2927,9.0,89.60000000000001,26.2462592,30.296357000000004,16,1,-3.017857142857146
490,2.963,3.159,18.4,78.4,29.4878,27.2439,10.0,88.4,24.0836076,26.53902,5,1,0.4821428571428541
491,2.854,3.354,16.4,80.2,27.9878,33.3415,10.2,89.9,29.974008500000004,25.1330444,14,0,-11.017857142857146
492,2.378,3.061,11.8,82.6,26.8415,29.3659,8.9,89.60000000000001,26.3118464,24.4526065,9,0,-10.517857142857146
493,3.073,2.329,17.1,84.6,33.7927,24.6341,9.1,90.5,22.2938605,30.717564300000003,13,1,10.482142857142854
494,3.244,2.524,17.4,85.8,27.5732,31.2317,11.8,91.9,28.701932300000003,24.3195624,8,1,8.982142857142854
495,2.537,3.024,12.1,80.0,26.8537,28.8902,9.4,89.5,25.856729,24.329452200000002,13,0,-5.517857142857146
496,3.11,2.695,18.2,80.4,27.3415,30.5122,11.4,91.2,27.8271264,24.224569,10,1,1.982142857142854
497,3.256,3.012,21.1,80.2,31.7439,29.0,10.3,89.60000000000001,25.984,28.4742783,7,1,1.482142857142854
498,2.341,2.988,14.2,84.5,26.7439,29.7439,8.8,90.0,26.76951,24.3904368,7,0,-10.517857142857146
499,2.646,2.402,17.2,86.9,29.3293,29.2439,9.0,91.8,26.845900200000003,26.689663,7,1,6.482142857142854
500,3.098,2.415,22.4,85.1,31.4878,27.4146,9.8,91.2,25.002115200000002,28.4019956,14,1,8.982142857142854
501,2.646,2.354,18.5,84.3,28.0,25.4024,9.5,90.7,23.0399768,25.34,7,1,7.482142857142854
502,2.72,3.378,18.3,77.9,31.0,29.7561,8.8,88.6,26.3639046,28.272000000000002,14,0,-12.017857142857146
503,3.122,2.402,22.4,83.3,28.6098,26.2073,10.9,90.8,23.7962284,25.4913318,5,1,7.482142857142854
504,2.39,2.976,14.8,81.2,27.7195,28.5976,8.6,89.60000000000001,25.6234496,25.335623000000002,7,1,-9.517857142857146
505,2.744,2.244,18.9,86.0,29.6463,28.7927,9.3,92.2,26.546869400000002,26.8891941,8,1,5.982142857142854
506,2.415,2.354,15.6,82.8,28.8049,27.5244,8.4,91.4,25.1573016,26.3852884,7,1,3.5535714285714306
507,2.305,2.927,14.6,81.9,29.6951,30.3415,7.8,90.4,27.428716,27.3788822,9,1,-6.446428571428569
508,2.5,2.317,16.5,84.5,31.4512,25.9024,7.9,91.10000000000001,23.597086400000002,28.966555200000002,13,1,2.5535714285714306
509,2.988,2.768,21.8,83.2,28.7683,31.8171,10.4,91.3,29.0490123,25.7763968,11,1,1.5535714285714306
510,2.927,2.585,20.4,81.0,27.6707,30.7683,10.6,91.60000000000001,28.1837628,24.7376058,8,1,5.053571428571431
511,2.512,2.622,17.6,78.6,28.5244,30.4634,8.8,91.4,27.8435476,26.0142528,12,1,1.0535714285714306
512,3.061,2.841,18.0,83.2,30.2195,28.3659,10.1,90.0,25.52931,27.167330500000002,12,1,-0.9464285714285694
513,3.134,2.634,24.1,82.5,29.061,31.5732,10.8,91.7,28.9526244,25.922412,10,1,6.053571428571431
514,3.146,2.951,18.3,81.0,30.1341,29.9512,10.4,90.10000000000001,26.9860312,27.0001536,8,1,1.0535714285714306
515,2.78,3.122,17.8,78.1,31.0,29.3049,9.0,89.3,26.1692757,28.21,11,0,-4.446428571428569
516,3.049,3.0,18.8,78.9,32.5488,28.878,9.4,89.60000000000001,25.874688,29.4892128,6,1,0.0535714285714306
517,2.573,2.683,19.2,82.3,31.0854,33.5732,8.3,92.0,30.887344000000002,28.5053118,9,1,-3.4464285714285694
518,2.695,3.244,19.3,82.0,28.7073,28.1951,9.4,88.5,24.9526635,26.008813800000002,9,0,-10.44642857142857
519,2.902,2.768,18.8,80.5,30.9512,27.5488,9.4,90.0,24.79392,28.0417872,8,1,1.0535714285714306
520,2.854,2.817,15.9,82.1,28.0244,28.6098,10.2,90.2,25.806039600000002,25.1659112,8,1,-1.9464285714285694
521,3.073,2.183,20.7,84.0,34.3902,23.5366,8.9,90.7,21.3476962,31.3294722,7,1,11.55357142857143
522,2.768,2.732,14.8,85.4,29.5732,29.7561,9.4,90.8,27.0185388,26.7933192,9,1,-0.4464285714285694
523,2.463,2.829,14.1,84.4,26.1098,27.4268,9.4,89.7,24.6018396,23.6554788,13,0,-6.446428571428569
524,2.756,2.732,16.8,81.5,28.2439,28.4756,9.8,90.4,25.7419424,25.475997800000002,10,1,1.0535714285714306
525,2.732,2.634,14.6,81.4,28.6463,27.2805,9.5,90.3,24.6342915,25.9249015,7,1,1.5535714285714306
526,2.683,3.012,16.6,84.7,26.2927,31.378,10.2,90.4,28.365712000000002,23.6108446,6,1,-1.9464285714285694
527,2.524,2.512,17.1,82.6,27.4634,28.8659,9.2,91.3,26.3545667,24.936767200000002,10,1,-1.9464285714285694
528,2.402,2.244,16.6,83.1,27.3293,28.0488,8.8,92.0,25.804896,24.924321600000003,8,1,5.053571428571431
529,2.89,2.488,18.1,85.6,26.6707,26.061,10.8,90.5,23.585205000000002,23.7902644,7,1,2.5535714285714306
530,2.756,3.207,17.4,78.0,28.6463,32.0122,9.6,90.0,28.81098,25.896255200000002,7,0,-10.44642857142857
531,2.634,2.28,18.7,85.8,29.6098,24.1585,8.9,90.60000000000001,21.887601,26.9745278,10,1,8.05357142857143
532,2.317,2.561,14.9,83.3,29.0366,27.4268,8.0,90.7,24.8761076,26.713672000000003,12,1,-5.946428571428569
533,2.683,2.561,18.9,85.2,27.0488,30.1098,9.9,91.5,27.550467,24.3709688,10,1,3.0535714285714306
534,2.902,2.524,18.9,79.9,32.9024,29.4512,8.8,91.4,26.9183968,30.006988800000002,4,1,6.803571428571431
535,2.415,3.341,16.9,79.8,28.9268,33.5488,8.3,90.0,30.193920000000002,26.525875600000003,9,0,-15.69642857142857
536,2.439,2.585,13.9,87.8,32.4146,29.6707,7.5,91.3,27.0893491,29.983505,9,1,1.3035714285714306
537,3.171,2.829,22.5,83.0,29.7683,32.5366,10.7,91.3,29.7059158,26.5830919,11,1,3.3035714285714306
538,3.146,2.841,17.2,82.7,29.0366,30.2927,10.8,90.60000000000001,27.445186200000002,25.9006472,9,1,3.3035714285714306
539,3.293,2.317,23.6,82.3,30.2683,30.7927,10.9,92.5,28.4832475,26.9690553,10,1,11.80357142857143
540,2.951,2.793,20.9,81.8,30.5488,31.4024,9.7,91.10000000000001,28.607586400000002,27.5855664,9,1,-0.6964285714285694
541,2.951,2.927,19.2,82.4,30.0122,31.7073,9.8,90.8,28.7902284,27.0710044,11,1,0.3035714285714306
542,2.598,2.817,19.5,81.5,29.3293,28.5,8.9,90.10000000000001,25.6785,26.7189923,11,0,-4.696428571428569
543,2.976,3.488,18.8,74.7,31.7439,30.2561,9.4,88.5,26.7766485,28.7599734,13,0,-5.696428571428569
544,2.878,2.695,18.7,80.4,32.622,29.5,8.8,90.9,26.8155,29.751264000000003,7,1,2.3035714285714306
545,2.817,2.72,16.6,82.6,29.4146,34.6707,9.6,92.2,31.966385399999997,26.5907984,11,1,0.3035714285714306
546,2.524,3.28,17.8,78.0,28.5122,32.939,8.9,90.0,29.6451,25.9746142,18,0,-13.19642857142857
547,3.268,2.927,25.2,80.6,33.5122,29.4878,9.8,90.10000000000001,26.5685078,30.2280044,8,1,7.803571428571431
548,3.171,2.549,19.3,80.6,32.7195,28.5854,9.7,91.10000000000001,26.0412994,29.545708499999996,12,1,5.803571428571431
549,3.524,2.927,25.5,78.3,36.1585,27.7317,9.7,89.4,24.7921398,32.6511255,10,1,9.80357142857143
550,2.524,2.78,15.7,82.5,28.9634,29.4024,8.7,90.5,26.609172,26.4435842,8,1,-2.1964285714285694
551,2.768,2.768,20.5,83.8,27.6951,28.5488,10.0,90.3,25.7795664,24.92559,10,1,-0.1964285714285694
552,3.061,3.0,17.0,83.4,32.2317,29.7683,9.5,89.9,26.7617017,29.169688499999996,6,1,2.8035714285714306
553,2.317,3.085,15.7,79.9,28.7683,28.9756,8.1,89.4,25.9041864,26.4380677,5,0,-11.69642857142857
554,2.78,2.976,16.9,77.5,28.0854,32.5366,9.9,90.9,29.575769400000002,25.3049454,9,1,-3.6964285714285694
555,2.963,2.598,18.8,81.4,28.4756,29.1707,10.4,91.10000000000001,26.5745077,25.5141376,10,1,3.8035714285714306
556,2.902,2.866,23.6,79.7,30.2561,30.4756,9.6,90.60000000000001,27.6108936,27.3515144,7,1,-0.6964285714285694
557,2.732,3.061,15.4,78.6,28.9024,28.0976,9.5,89.1,25.0349616,26.156672,11,0,-4.696428571428569
558,2.463,2.756,19.2,82.9,29.061,28.061,8.5,90.2,25.311022,26.590815000000003,11,1,-6.696428571428569
559,3.061,2.427,24.2,83.3,33.1707,27.1707,9.2,91.10000000000001,24.752507700000002,30.118995599999998,11,1,12.30357142857143
560,2.683,2.72,12.7,82.1,28.9024,27.8171,9.3,90.2,25.0910242,26.2144768,10,1,-0.1964285714285694
561,2.61,2.402,20.1,87.6,27.5244,30.7073,9.5,92.2,28.3121306,24.909582,9,1,-1.6964285714285694
562,2.634,2.268,18.7,82.8,29.9878,26.9878,8.8,91.60000000000001,24.720824800000003,27.3488736,7,1,5.589285714285715
563,2.61,3.146,16.0,76.3,30.4024,31.939,8.6,90.10000000000001,28.777039000000002,27.7877936,11,1,-6.410714285714285
564,2.671,2.61,18.3,84.3,29.5732,29.878,9.0,91.3,27.278614,26.911612,11,1,-2.4107142857142847
565,2.829,2.707,21.4,83.0,31.5732,28.6098,9.0,90.5,25.891869,28.731612000000002,6,1,-1.9107142857142847
566,3.037,2.866,17.2,84.1,32.7805,28.6585,9.3,90.0,25.792650000000002,29.731913500000005,7,1,4.589285714285715
567,2.39,2.329,16.6,86.4,31.6951,29.8171,7.5,92.2,27.4913662,29.3179675,13,1,-0.4107142857142847
568,2.817,2.451,17.6,86.6,31.561,31.378,8.9,92.2,28.930516,28.752071,10,1,4.089285714285715
569,2.561,2.659,21.8,83.0,28.6098,32.122,9.0,91.7,29.455874,26.034918,10,1,-1.9107142857142847
570,2.683,2.841,16.9,84.3,29.7073,28.5366,9.0,90.0,25.682940000000002,27.033643,6,1,1.0892857142857153
571,2.561,3.207,14.0,74.7,32.5732,29.7561,7.9,89.2,26.5424412,29.999917200000002,14,0,-8.910714285714285
572,2.756,3.061,16.9,80.6,29.2927,31.3902,9.4,90.2,28.3139604,26.5391862,10,0,-5.910714285714285
573,2.463,2.854,14.2,79.4,28.4268,34.1463,8.7,91.60000000000001,31.278010799999997,25.9536684,13,0,-7.410714285714285
574,2.598,3.085,19.3,80.1,28.8659,31.4024,9.0,90.2,28.3249648,26.267969,12,0,-5.910714285714285
575,3.817,2.768,25.2,78.8,32.8415,30.9146,11.6,91.0,28.132286,29.031886000000004,13,1,14.589285714285715
576,3.195,2.476,17.7,85.3,34.122,25.0976,9.4,90.10000000000001,22.612937600000002,30.914532,8,1,10.089285714285715
577,2.72,2.524,19.2,83.9,33.378,29.4268,8.1,91.4,26.8960952,30.674382,14,1,5.089285714285715
578,2.646,2.695,16.4,77.1,30.5854,29.2195,8.7,90.8,26.531306,27.924470200000002,6,1,4.089285714285715
579,2.659,2.659,16.9,86.8,29.8171,30.1585,8.9,91.2,27.504552,27.1633781,10,0,-0.9107142857142847
580,2.451,2.476,16.0,82.3,28.6585,28.9268,8.6,91.4,26.4390952,26.193869,10,1,-0.9107142857142847
581,2.89,2.78,18.1,80.2,27.8902,32.061,10.4,91.3,29.271693000000003,24.9896192,9,1,1.5892857142857153
582,2.512,3.39,17.3,78.0,28.3049,33.122,8.9,89.8,29.743556,25.7857639,8,0,-14.910714285714285
583,3.268,2.659,20.9,81.6,30.9024,29.5,10.6,91.0,26.845000000000002,27.6267456,5,1,5.589285714285715
584,2.841,2.963,21.0,79.3,30.1463,33.378,9.4,91.10000000000001,30.407358000000002,27.3125478,11,0,-1.4107142857142847
585,2.805,2.976,18.6,77.4,30.7805,31.2073,9.1,90.5,28.2426065,27.979474500000002,14,1,-1.9107142857142847
586,2.817,2.573,20.9,80.3,29.1341,27.561,9.7,90.7,24.997827,26.308092300000002,9,1,4.589285714285715
587,3.134,2.549,21.0,85.0,31.7317,31.3537,9.9,91.9,28.8140503,28.5902617,11,1,10.589285714285715
588,2.61,3.037,18.2,81.7,28.5122,30.6585,9.2,90.10000000000001,27.6233085,25.8890776,15,0,-6.410714285714285
589,2.61,2.915,19.1,82.7,27.6341,29.4512,9.4,90.10000000000001,26.5355312,25.0364946,8,1,-3.9107142857142847
590,2.085,2.524,14.3,83.4,28.5854,26.2439,7.3,90.4,23.7244856,26.4986658,5,1,-5.535714285714285
591,2.744,3.146,17.2,83.2,29.3659,31.9512,9.3,90.2,28.8199824,26.6348713,13,1,-9.535714285714285
592,2.732,2.378,16.9,83.7,29.9146,29.3902,9.1,91.9,27.0095938,27.192371400000003,5,1,0.4642857142857153
593,3.122,2.634,16.6,82.8,31.7683,30.1341,9.8,91.3,27.5124333,28.6550066,12,1,6.964285714285715
594,2.78,2.39,15.8,86.1,31.4878,28.6829,8.8,91.7,26.3022193,28.7168736,8,1,6.964285714285715
595,2.976,2.305,16.2,82.6,32.878,32.7073,9.1,93.0,30.417789,29.886102,11,1,5.464285714285715
596,2.927,2.78,19.4,83.0,32.8049,30.6585,8.9,90.9,27.8685765,29.885263900000005,10,1,1.9642857142857153
597,2.598,2.512,19.7,84.4,31.7317,30.9512,8.2,91.9,28.4441528,29.1297006,8,1,1.9642857142857153
598,2.317,2.988,17.5,83.7,29.0366,31.2073,8.0,90.4,28.211399200000002,26.713672000000003,10,1,-9.035714285714285
599,2.598,2.988,15.9,77.5,28.7805,30.9756,9.0,90.4,28.0019424,26.190255,11,1,-3.5357142857142847
600,2.817,2.854,15.9,81.2,30.6951,33.2317,9.2,91.4,30.3737738,27.871150800000002,11,1,-0.5357142857142847
601,2.329,2.707,13.1,84.6,30.4024,31.8171,7.7,91.5,29.1126465,28.061415200000003,12,0,-10.035714285714285
602,2.939,2.854,20.5,83.8,31.7683,28.7073,9.3,90.10000000000001,25.865277300000002,28.8138481,11,1,5.464285714285715
603,2.671,2.329,17.5,85.6,31.2927,28.9634,8.5,92.0,26.646328,28.6328205,11,1,7.464285714285715
604,3.073,2.683,23.1,79.2,32.1585,28.7073,9.6,90.7,26.0375211,29.071284,9,1,2.4642857142857153
605,3.134,2.89,22.3,82.3,33.622,30.6585,9.3,90.60000000000001,27.776601,30.495154,10,1,5.964285714285715
606,2.598,2.317,15.2,84.9,28.8049,30.6098,9.0,92.4,28.283455200000002,26.212459000000003,11,1,3.4642857142857153
607,2.878,2.78,18.6,81.7,30.1829,27.7317,9.5,90.0,24.95853,27.315524500000002,11,0,-2.5357142857142847
608,2.939,2.805,19.5,81.2,30.5,28.5122,9.6,90.2,25.7180044,27.572,12,1,0.9642857142857153
609,2.695,3.5,18.5,76.1,29.1951,31.8171,9.2,89.0,28.317219,26.5091508,8,0,-12.035714285714285
610,2.329,3.171,14.5,77.0,26.6829,31.6707,8.7,90.0,28.50363,24.3614877,12,0,-15.035714285714285
611,3.146,2.195,24.3,85.6,32.0,30.122,9.8,92.7,27.923094000000003,28.864,9,1,12.464285714285715
612,2.866,2.841,23.5,81.3,28.4634,32.2927,10.1,91.2,29.450942400000006,25.5885966,5,1,3.4642857142857153
613,2.707,2.756,18.0,80.1,27.6707,30.5366,9.8,91.0,27.788306000000002,24.9589714,11,1,1.4642857142857153
614,2.549,2.39,16.1,85.5,28.8171,27.9024,8.8,91.4,25.5027936,26.281195200000003,6,1,2.9642857142857153
615,2.963,2.537,23.5,79.6,34.5366,28.8902,8.6,91.2,26.3478624,31.566452400000003,9,1,6.464285714285715
616,2.561,3.049,13.9,80.2,30.561,29.8415,8.4,89.8,26.797667,27.993876,13,0,-5.535714285714285
617,2.476,2.78,18.1,82.8,26.1951,32.0122,9.5,91.3,29.2271386,23.7065655,8,1,-3.0357142857142847
618,2.634,2.5,17.2,89.6,27.4756,26.8171,9.6,90.7,24.3231097,24.8379424,6,1,5.086206896551722
619,2.39,3.061,18.5,80.5,29.3902,30.1098,8.1,89.8,27.0386004,27.0095938,11,0,-6.413793103448278
620,2.707,2.22,15.7,86.2,28.5122,27.8171,9.5,92.0,25.591732,25.803541,7,1,8.586206896551722
621,3.171,2.744,19.7,81.8,32.2073,28.4024,9.8,90.3,25.6473672,29.050984599999996,9,1,5.586206896551722
622,3.329,2.659,19.7,87.8,33.8902,27.4024,9.8,90.3,24.7443672,30.5689604,6,1,8.086206896551722
623,3.171,2.427,17.2,83.5,32.3537,29.7683,9.8,91.8,27.3272994,29.183037400000003,4,1,5.086206896551722
624,2.573,2.72,17.1,81.7,29.2317,31.3537,8.8,91.3,28.6259281,26.659310400000003,11,0,-1.4137931034482776
625,2.524,2.61,14.3,88.6,28.5366,29.6585,8.8,91.2,27.048552,26.0253792,16,0,-6.913793103448278
626,2.963,2.878,18.1,81.6,31.3902,32.0366,9.4,91.0,29.153306,28.4395212,10,1,0.08620689655172242
627,2.768,3.159,18.4,77.3,28.3171,30.8293,9.8,89.8,27.6847114,25.5420242,10,0,-5.913793103448278
628,2.585,2.89,16.7,80.6,30.4512,32.3537,8.5,91.10000000000001,29.474220700000004,27.862848,16,0,-4.913793103448278
629,2.402,2.634,18.5,79.5,29.6707,30.5488,8.1,91.4,27.9216032,27.267373300000003,18,1,1.0862068965517224
630,2.829,3.39,15.2,79.2,27.1585,30.5,10.4,88.9,27.1145,24.334016000000002,8,1,-3.9137931034482776
631,2.659,2.756,16.7,81.6,27.9878,30.1829,9.5,90.9,27.4362561,25.328959,8,1,0.08620689655172242
632,2.939,2.817,15.2,78.1,31.5,28.5732,9.3,90.10000000000001,25.744453200000002,28.570500000000003,11,1,4.586206896551722
633,2.915,2.439,16.1,81.8,32.1707,26.9756,9.1,91.0,24.547796,29.2431663,6,1,5.086206896551722
634,2.829,2.5,21.6,83.6,27.5732,30.7683,10.3,91.9,28.276067700000002,24.7331604,8,1,6.086206896551722
635,2.512,1.89,16.7,85.8,30.6341,26.7073,8.2,92.9,24.811081700000003,28.1221038,11,1,8.586206896551722
636,2.427,2.646,17.7,84.3,27.5366,30.8293,8.8,91.4,28.1779802,25.1133792,16,0,-0.9137931034482776
637,2.427,2.659,18.4,83.0,31.5,29.5854,7.7,91.0,26.922714,29.0745,6,1,-1.9137931034482776
638,2.524,2.829,20.6,82.4,26.6585,30.7073,9.5,90.8,27.882228400000002,24.1259425,10,0,-8.913793103448278
639,2.939,2.329,19.8,86.0,31.5,30.8049,9.3,92.4,28.463727600000002,28.570500000000003,9,1,9.586206896551722
640,2.451,2.732,16.6,82.0,27.939,28.8659,8.8,90.5,26.1236395,25.480368000000002,12,0,-5.913793103448278
641,2.488,2.659,13.5,82.8,28.2317,30.8171,8.8,91.4,28.1668294,25.7473104,5,1,-1.4137931034482776
642,2.293,2.073,17.0,87.0,30.5976,27.4146,7.5,92.4,25.3310904,28.302780000000002,15,1,1.5862068965517224
643,2.671,2.5,21.1,76.9,33.8171,28.561,7.9,91.2,26.047632,31.145549100000004,10,1,2.0862068965517224
644,2.415,3.134,15.5,76.6,29.9268,30.939,8.1,89.9,27.814161000000002,27.5027292,7,0,-13.413793103448278
645,2.024,2.646,15.1,82.1,26.5122,31.3537,7.6,91.60000000000001,28.7199892,24.4972728,11,0,-5.413793103448278
646,2.695,2.951,17.9,80.1,30.1341,30.122,8.9,90.2,27.170044,27.452165100000002,10,1,-3.9137931034482776
647,2.292,2.542,15.3,81.1,28.375,23.125,8.1,89.0,20.58125,26.076625,10,1,-3.053571428571427
648,2.813,2.833,19.9,80.3,30.9375,28.1667,9.1,89.9,25.3218633,28.122187500000003,7,1,0.44642857142857295
649,2.625,2.25,15.7,81.1,30.8958,28.1875,8.5,92.0,25.9325,28.269657000000002,4,1,0.946428571428573
650,2.75,2.896,21.6,85.9,29.0417,28.5625,9.5,89.9,25.6776875,26.2827385,3,1,-2.553571428571427
651,3.375,2.479,24.7,79.6,29.9583,29.2292,11.3,91.5,26.744718,26.5730121,0,1,8.946428571428573
652,2.646,2.208,14.8,87.1,32.4375,28.6042,8.2,92.30000000000001,26.401676600000002,29.777625,6,1,3.946428571428573
653,2.458,2.896,14.1,79.2,27.8958,33.4583,8.8,91.3,30.547427900000002,25.440969600000003,6,1,-3.053571428571427
654,3.042,2.583,20.7,79.8,30.5833,26.9375,9.9,90.4,24.3515,27.555553300000003,5,1,4.446428571428573
655,2.333,2.083,15.9,88.0,33.1458,31.2917,7.0,93.30000000000001,29.195156100000002,30.825594,6,1,0.946428571428573
656,3.021,2.667,18.7,87.9,26.3333,32.2708,11.5,91.7,29.592323600000004,23.3049705,5,0,1.446428571428573
657,2.646,3.313,14.6,77.6,32.1875,32.2083,8.2,89.7,28.890845100000003,29.548125000000002,4,0,-6.053571428571427
658,3.063,3.063,19.0,80.7,27.5625,30.2292,11.1,89.9,27.1760508,24.5030625,4,1,-7.053571428571427
659,3.042,2.708,26.8,77.9,28.125,32.3125,10.8,91.60000000000001,29.59825,25.087500000000002,3,1,1.446428571428573
660,3.104,2.021,16.7,87.2,31.125,26.2083,10.0,92.30000000000001,24.190260900000002,28.0125,5,1,11.446428571428573
661,2.542,2.292,18.4,81.7,30.1458,27.5417,8.4,91.7,25.2557389,27.6135528,8,1,0.946428571428573
662,2.271,2.771,17.1,75.5,25.9167,27.8125,8.8,90.0,25.03125,23.6360304,9,0,-6.553571428571427
663,2.583,2.375,19.5,84.7,27.8333,24.1875,9.3,90.2,21.817125,25.244803100000002,2,1,2.946428571428573
664,2.667,3.271,20.0,81.5,26.9375,29.4167,9.9,88.9,26.1514463,24.2706875,4,0,-6.053571428571427
665,2.375,3.125,15.0,80.3,29.4792,31.4167,8.1,90.10000000000001,28.3064467,27.0913848,7,0,-7.553571428571427
666,2.563,2.729,20.1,83.4,26.7708,32.75,9.6,91.7,30.031750000000002,24.200803200000003,7,0,-4.553571428571427
667,2.542,2.396,15.8,84.0,28.125,28.9375,9.0,91.7,26.5356875,25.59375,7,1,2.446428571428573
668,2.792,2.396,21.5,81.5,28.0625,27.9167,9.9,91.4,25.515863799999998,25.284312500000002,6,1,5.946428571428573
669,2.667,2.938,17.0,81.0,26.2708,31.0208,10.2,90.5,28.073824000000002,23.5911784,4,1,-3.053571428571427
670,2.729,2.375,19.9,83.2,29.8125,24.9583,9.2,90.5,22.5872615,27.069750000000003,5,1,2.446428571428573
671,2.417,2.333,20.1,85.0,31.7917,28.9583,7.6,91.9,26.612677700000003,29.3755308,7,1,1.446428571428573
672,2.396,2.396,14.2,82.6,26.7292,29.9167,9.0,92.0,27.523364,24.323572,7,0,0.44642857142857295
673,2.458,2.604,17.9,80.7,28.7917,27.0625,8.5,90.4,24.4645,26.3444055,3,1,0.44642857142857295
674,2.625,2.938,13.8,79.7,28.9375,29.6667,9.1,90.10000000000001,26.729696699999998,26.3041875,3,1,-1.553571428571427
675,2.402,2.378,19.5,86.4,26.8171,25.4756,9.0,90.7,23.1063692,24.403561,18,1,-2.172413793103445
676,2.634,3.183,17.8,78.1,30.939,30.0488,8.5,89.4,26.8636272,28.309185,11,0,-6.672413793103445
677,2.61,2.317,18.2,85.3,33.1585,29.4146,7.9,92.10000000000001,27.090846600000003,30.5389785,6,1,1.8275862068965552
678,2.841,2.768,19.7,84.8,30.3659,30.5854,9.4,90.9,27.8021286,27.5115054,10,1,0.8275862068965552
679,2.951,2.488,23.4,85.0,29.9268,28.7683,9.9,91.4,26.2942262,26.964046800000002,7,1,8.327586206896555
680,3.146,2.085,21.7,83.7,31.8659,29.0854,9.9,92.80000000000001,26.9912512,28.7111759,9,1,12.327586206896555
681,1.829,2.963,14.1,81.4,26.2927,34.3415,7.0,91.4,31.388131000000005,24.452211,10,0,-20.172413793103445
682,2.549,2.451,17.2,85.1,28.4146,30.9878,9.0,92.10000000000001,28.539763800000003,25.857286000000002,8,1,3.827586206896555
683,2.793,3.146,18.4,80.9,32.8293,34.7439,8.5,90.9,31.5822051,30.038809500000003,14,1,-2.172413793103445
684,2.707,3.073,19.8,78.4,27.9268,35.9146,9.7,91.4,32.825944400000004,25.2179004,8,1,-4.172413793103445
685,2.5,2.756,14.6,81.7,31.2317,30.939,8.0,91.10000000000001,28.185429000000003,28.733164000000002,11,1,-4.672413793103445
686,2.293,3.195,10.0,76.0,29.8902,31.1098,7.7,89.7,27.9054906,27.5886546,8,0,-13.172413793103445
687,2.829,2.549,18.5,80.7,29.8293,29.2317,9.5,91.3,26.6885421,26.9955165,9,1,4.327586206896555
688,2.744,2.793,23.4,82.0,29.4146,33.5366,9.3,91.7,30.753062200000002,26.6790422,14,1,-1.1724137931034448
689,3.183,2.585,19.5,81.5,33.1098,27.1829,9.6,90.5,24.600524500000002,29.9312592,15,1,7.327586206896555
690,2.646,2.695,17.7,83.0,29.9512,29.2805,8.8,90.8,26.586694,27.315494400000002,15,0,0.32758620689655515
691,2.61,2.841,19.2,80.2,29.0488,28.9024,9.0,90.2,26.0699648,26.434408,12,1,-2.172413793103445
692,2.915,2.293,19.8,85.7,29.2927,26.378,10.0,91.3,24.083114000000002,26.36343,7,1,9.327586206896555
693,2.463,2.902,15.7,81.7,26.8171,28.5976,9.2,89.9,25.7092424,24.349926800000002,7,1,-7.672413793103445
694,2.988,2.634,19.8,80.7,29.5122,32.6585,10.1,91.9,30.0131615,26.5314678,8,1,9.827586206896555
695,2.427,3.256,17.0,82.1,26.9268,32.878,9.0,90.10000000000001,29.623078,24.503388,9,0,-12.672413793103445
696,2.329,2.634,15.2,83.2,30.8171,28.378,7.6,90.7,25.738846000000002,28.475000400000003,11,0,-4.672413793103445
697,3.207,2.476,16.0,82.2,31.3293,28.6951,10.2,91.4,26.2273214,28.1337114,8,1,11.827586206896555
698,2.817,2.72,15.9,81.4,31.6707,30.3902,8.9,91.10000000000001,27.6854722,28.8520077,11,1,-0.6724137931034448
699,2.415,2.049,15.1,83.1,31.6463,26.2073,7.6,92.2,24.163130600000002,29.2411812,8,1,3.827586206896555
700,2.915,2.354,17.2,84.9,34.7683,27.8171,8.4,91.5,25.4526465,31.847762800000005,9,1,9.327586206896555
701,2.756,2.61,19.3,82.1,29.6463,30.7805,9.3,91.5,28.1641575,26.8891941,7,1,0.32758620689655515
702,2.427,2.415,17.9,78.8,26.5854,27.7195,9.1,91.3,25.307903500000002,24.1661286,12,1,2.827586206896555
703,2.671,2.817,15.4,83.2,30.6829,30.1463,8.7,90.7,27.3426941,28.013487700000002,10,0,-4.172413793103445
704,2.146,2.549,19.3,80.6,24.4878,30.7073,8.8,91.7,28.158594100000002,22.3328736,14,0,-7.100000000000001
705,2.988,2.732,18.7,78.0,33.7927,28.3049,8.8,90.3,25.5593247,30.818942400000005,7,0,4.399999999999999
706,3.024,2.28,16.8,84.3,31.4878,29.4878,9.6,92.30000000000001,27.2172394,28.4649712,7,1,10.399999999999999
707,2.585,2.72,23.4,77.1,29.4268,30.2561,8.8,91.0,27.533051,26.837241600000002,18,1,-4.100000000000001
708,2.646,2.488,19.3,84.8,31.6341,29.2805,8.4,91.5,26.7916575,28.9768356,12,1,2.8999999999999986
709,2.549,2.451,17.8,82.0,31.0488,29.8659,8.2,91.8,27.4168962,28.5027984,14,1,1.8999999999999986
710,1.866,3.28,13.4,75.1,24.1951,35.6098,7.7,90.8,32.3336984,22.3320773,8,0,-19.1
711,2.61,2.244,16.5,83.7,28.4634,30.122,9.2,92.60000000000001,27.892972,25.8447672,10,1,8.899999999999999
712,2.829,2.537,16.8,82.9,30.9634,32.1341,9.1,92.10000000000001,29.595506099999998,28.1457306,13,0,3.3999999999999986
713,2.512,3.134,15.9,80.5,29.2317,33.5122,8.6,90.60000000000001,30.362053200000002,26.7177738,8,1,-12.100000000000001
714,2.232,2.671,18.8,84.7,30.7805,27.2683,7.3,90.2,24.5960066,28.5335235,11,0,-10.600000000000001
715,2.415,2.598,16.3,80.0,30.6829,29.561,7.9,91.2,26.959632,28.258950900000002,15,1,-0.6000000000000014
716,3.159,2.512,18.8,83.7,29.6098,27.8902,10.7,91.0,25.380082,26.4415514,8,1,7.899999999999999
717,2.89,2.427,25.3,81.2,29.5,28.878,9.8,91.60000000000001,26.452248,26.609,11,1,4.399999999999999
718,2.683,2.268,17.6,83.4,33.8659,30.2073,7.9,92.5,27.9417525,31.190493900000003,6,1,4.899999999999999
719,2.817,2.573,23.8,80.9,29.622,28.3171,9.5,90.9,25.7402439,26.80791,14,0,3.8999999999999986
720,2.756,2.463,16.2,80.8,31.878,28.2561,8.6,91.3,25.7978193,29.136492,10,1,5.899999999999999
721,2.915,2.402,22.3,83.7,30.9146,27.2317,9.4,91.2,24.8353104,28.0086276,7,1,8.399999999999999
722,2.89,2.598,18.8,80.7,27.4634,29.1585,10.5,91.10000000000001,26.5633935,24.579743,7,1,2.3999999999999986
723,2.549,2.72,15.0,84.7,27.878,33.1585,9.1,91.8,30.439503,25.341102,12,1,-1.1000000000000014
724,2.354,3.366,17.7,76.7,28.4268,30.0488,8.3,88.8,26.6833344,26.067375600000002,14,0,-15.100000000000001
725,2.878,2.683,19.3,85.7,29.9146,29.8293,9.6,91.0,27.144663,27.042798400000002,5,1,4.399999999999999
726,2.78,2.695,15.7,81.0,29.9756,28.8659,9.3,90.7,26.181371300000002,27.1878692,7,1,8.399999999999999
727,3.134,3.134,19.0,80.7,31.1951,29.9268,10.0,89.5,26.784486,28.075590000000002,10,1,-0.10000000000000142
728,2.659,2.402,19.0,80.9,30.9268,27.0,8.6,91.10000000000001,24.597,28.2670952,15,1,1.3999999999999986
729,2.732,2.756,21.6,78.5,31.5976,29.7073,8.6,90.7,26.9445211,28.880206400000002,9,1,-1.6000000000000014
730,2.768,3.024,21.7,80.2,28.8537,33.439,9.6,91.0,30.42949,26.0837448,5,1,-1.6000000000000014
731,2.768,2.415,15.8,86.3,30.7561,27.622,9.0,91.3,25.218886,27.988051000000002,8,1,3.8999999999999986
732,2.72,2.488,17.8,81.8,29.7439,28.6585,9.1,91.3,26.1652105,27.0372051,13,1,3.3999999999999986
733,2.012,3.256,20.0,76.7,29.1829,33.1951,6.9,90.2,29.941980199999996,27.169279900000003,8,0,-18.1
734,2.22,2.463,19.9,83.0,24.4268,28.6463,9.1,91.4,26.1827182,22.203961200000002,8,1,-3.5833333333333357
735,2.768,2.573,18.3,84.5,29.4146,30.4268,9.4,91.5,27.840522,26.649627600000002,10,1,4.416666666666664
736,2.841,2.622,18.6,78.2,28.4878,30.4146,10.0,91.4,27.7989444,25.639020000000002,9,1,4.916666666666664
737,2.573,2.561,18.9,80.5,30.9756,30.7195,8.3,91.7,28.169781500000003,28.4046252,14,1,2.4166666666666643
738,2.939,2.427,18.4,84.4,33.1951,29.7073,8.9,91.8,27.271301400000002,30.2407361,8,1,6.416666666666664
739,2.878,2.78,20.5,82.2,31.9512,30.3659,9.0,90.8,27.5722372,29.075592,9,1,0.9166666666666643
740,2.427,2.622,18.9,82.6,29.4878,30.622,8.2,91.4,27.988508,27.069800400000002,11,0,-5.083333333333336
741,2.634,2.841,16.2,81.9,30.5366,29.3659,8.6,90.3,26.5174077,27.9104524,6,1,-4.583333333333336
742,2.805,2.939,15.8,75.8,28.3537,32.7805,9.9,91.0,29.830255000000005,25.5466837,9,1,-3.0833333333333357
743,2.341,2.927,15.4,81.6,30.6707,30.5244,7.6,90.4,27.5940576,28.3397268,11,0,-11.083333333333336
744,2.39,2.695,16.8,84.3,29.8902,27.5732,8.0,90.2,24.8710264,27.498984,16,1,-2.5833333333333357
745,2.829,2.439,16.9,79.5,28.7561,29.5,9.8,91.7,27.0515,25.9380022,9,1,5.916666666666664
746,2.732,2.415,15.8,84.0,29.2927,28.8537,9.3,91.60000000000001,26.4299892,26.568478900000002,5,1,2.9166666666666643
747,3.024,2.329,21.9,85.2,30.6098,28.439,9.9,91.8,26.107002,27.5794298,8,1,14.416666666666664
748,2.854,2.524,22.6,80.3,30.4634,30.8049,9.4,91.8,28.2788982,27.5998404,9,1,5.916666666666664
749,2.549,2.671,18.8,81.5,29.6585,29.7439,8.6,91.0,27.066949,27.107869,11,1,0.9166666666666643
750,2.732,2.598,19.7,81.2,30.5732,27.3415,8.9,90.5,24.7440575,27.8521852,14,1,2.4166666666666643
751,2.671,2.402,21.5,85.1,30.1707,29.7439,8.9,91.9,27.334644100000002,27.4855077,9,1,7.916666666666664
752,2.793,3.134,17.0,75.5,29.2439,28.9878,9.5,89.2,25.8571176,26.465729500000002,7,0,-7.083333333333336
753,2.585,2.927,18.1,80.2,28.6341,32.3049,9.0,90.9,29.365154100000005,26.057031000000002,4,1,-4.583333333333336
754,2.427,2.951,18.1,81.1,29.0976,31.0732,8.3,90.5,28.121246,26.682499200000002,8,1,-10.583333333333336
755,2.268,2.915,15.8,81.1,28.1829,32.5366,8.0,91.0,29.608306000000002,25.928268000000003,13,0,-8.083333333333336
756,2.622,2.293,23.1,87.2,30.2805,27.5366,8.7,91.7,25.2510622,27.646096500000002,11,1,5.916666666666664
757,3.232,2.78,22.1,82.3,32.0,28.9146,10.1,90.4,26.138798400000002,28.768,9,1,8.916666666666664
758,2.72,2.341,20.0,81.4,32.0122,27.4878,8.5,91.5,25.151337,29.291163,6,1,5.416666666666664
759,2.89,2.524,22.6,80.5,30.378,27.378,9.5,90.8,24.859224,27.49209,6,1,3.4166666666666643
760,2.598,3.024,17.3,81.0,29.1098,31.0976,8.9,90.3,28.081132800000002,26.5190278,8,1,-7.583333333333336
761,2.598,2.488,18.5,77.9,28.9512,28.622,9.0,91.3,26.131886,26.345592,11,1,-2.0833333333333357
762,2.585,2.878,14.8,78.4,29.5976,29.5488,8.7,90.3,26.682566400000002,27.0226088,8,1,-6.583333333333336
763,2.537,2.976,17.7,77.3,27.622,30.9634,9.2,90.4,27.990913600000003,25.080776,8,0,-6.583333333333336
764,2.195,2.939,17.5,79.6,27.7927,31.3659,7.9,90.60000000000001,28.4175054,25.597076700000002,14,0,-10.81666666666667
765,2.915,2.902,15.0,81.9,30.2439,31.9024,9.6,90.9,28.9992816,27.3404856,12,1,1.18333333333333
766,3.085,2.634,20.2,79.8,29.7317,30.061,10.4,91.2,27.415632000000002,26.6396032,6,1,5.18333333333333
767,2.585,2.817,19.5,79.8,31.5244,28.4634,8.2,90.10000000000001,25.645523400000002,28.9393992,10,0,-1.81666666666667
768,3.39,2.793,23.1,79.8,33.4756,32.5732,10.1,91.4,29.7719048,30.0945644,11,1,9.68333333333333
769,2.829,2.549,21.7,85.7,33.1829,26.7561,8.5,90.5,24.2142705,30.362353499999998,7,1,1.68333333333333
770,2.427,2.817,24.5,77.6,30.378,34.3049,8.0,91.8,31.491898200000005,27.947760000000002,12,0,-6.81666666666667
771,2.72,2.415,19.6,81.1,29.9878,29.622,9.1,91.8,27.192996,27.258910200000003,9,1,5.68333333333333
772,2.512,2.561,17.0,79.7,30.0366,30.0854,8.4,91.5,27.528141,27.5135256,10,1,3.18333333333333
773,3.049,2.854,23.8,82.5,31.9146,32.5976,9.6,91.2,29.729011200000002,28.850798400000002,15,1,1.68333333333333
774,2.585,2.805,17.8,84.2,30.4024,28.2927,8.5,90.10000000000001,25.4917227,27.818196,15,0,-2.31666666666667
775,2.5,2.817,17.0,85.3,32.2439,31.6463,7.8,91.10000000000001,28.829779300000002,29.728875799999997,11,0,-5.31666666666667
776,2.805,2.732,22.8,81.4,29.9024,30.3902,9.4,91.0,27.655082,27.091574400000002,10,1,1.18333333333333
777,3.183,2.159,23.1,83.8,30.4268,27.8293,10.5,92.2,25.6586146,27.231986,8,1,13.18333333333333
778,2.927,2.585,18.0,77.7,30.5854,31.3902,9.6,91.8,28.8162036,27.6492016,9,1,8.68333333333333
779,2.415,2.976,15.1,80.8,28.4756,30.5732,8.5,90.3,27.6075996,26.055174,13,0,-6.31666666666667
780,2.902,2.683,18.9,80.9,31.1829,30.1463,9.3,91.10000000000001,27.4632793,28.282890300000002,12,1,1.18333333333333
781,2.841,2.634,21.3,84.8,28.4146,28.378,10.0,90.7,25.738846000000002,25.573140000000002,7,1,3.68333333333333
782,2.707,2.671,20.2,81.6,29.122,28.7073,9.3,90.7,26.0375211,26.413654,4,1,1.18333333333333
783,2.012,3.366,12.6,76.6,28.0854,31.7439,7.2,89.4,28.3790466,26.0632512,4,0,-21.81666666666667
784,2.963,2.524,22.9,80.7,31.061,29.4634,9.5,91.4,26.9295476,28.110205,9,1,5.68333333333333
785,2.171,2.939,14.1,76.7,27.7195,31.7683,7.8,90.7,28.8138481,25.557379,9,0,-11.31666666666667
786,2.683,2.402,18.7,84.7,29.5732,29.622,9.1,91.9,27.222618,26.8820388,13,1,6.68333333333333
787,2.707,3.171,17.9,73.9,30.5488,29.7439,8.9,89.3,26.5613027,27.8299568,11,1,-6.31666666666667
788,2.427,2.451,19.1,84.5,31.1341,25.8537,7.8,90.5,23.3975985,28.7056402,8,1,-2.81666666666667
789,2.671,2.439,16.7,80.7,29.9146,27.6707,8.9,91.2,25.2356784,27.252200600000002,7,1,3.68333333333333
790,3.012,2.354,19.9,82.5,30.9756,30.3537,9.7,92.2,27.986111400000002,27.9709668,8,1,8.18333333333333
791,3.207,2.512,21.0,83.0,30.8171,30.061,10.4,91.60000000000001,27.535876000000002,27.612121600000002,8,1,7.18333333333333
792,3.0,3.11,18.2,77.5,29.8537,31.0488,10.0,90.0,27.943920000000002,26.86833,7,1,-2.31666666666667
793,2.329,3.146,16.2,77.3,27.8171,34.1098,8.4,90.8,30.9716984,25.4804636,10,0,-10.81666666666667
794,2.963,2.927,21.4,81.8,31.6951,31.9024,9.3,90.8,28.9673792,28.7474557,9,1,2.725806451612904
795,3.183,3.573,23.2,73.2,31.3659,35.5854,10.1,90.0,32.02686,28.1979441,10,0,-5.774193548387096
796,2.78,3.207,21.2,81.4,30.9512,35.3415,9.0,90.9,32.125423500000004,28.165592,9,1,-7.274193548387096
797,3.037,2.878,20.7,75.8,32.0854,29.8537,9.5,90.4,26.9877448,29.037287,14,1,3.225806451612904
798,3.293,3.024,26.1,80.0,34.4268,31.1341,9.6,90.3,28.1140923,31.121827200000002,6,1,4.225806451612904
799,3.256,2.573,23.6,83.7,32.9634,29.2561,9.9,91.2,26.6815632,29.7000234,12,1,10.225806451612904
800,2.415,3.39,19.1,77.9,31.1829,32.6951,7.7,89.60000000000001,29.294809599999997,28.7818167,12,0,-14.774193548387096
801,2.524,3.146,21.2,74.1,32.7683,32.3171,7.7,90.3,29.182341300000004,30.245140900000006,13,0,-10.274193548387096
802,2.671,3.463,16.6,76.2,30.6707,33.0732,8.7,89.5,29.600514,28.0023491,11,0,-12.274193548387096
803,3.293,2.805,25.0,81.4,32.1951,33.8537,10.2,91.7,31.043842900000005,28.9111998,7,1,6.725806451612904
804,2.744,3.085,18.4,77.5,33.9024,28.8659,8.1,89.3,25.7772487,31.156305600000003,11,1,-4.274193548387096
805,2.988,2.963,18.9,80.2,34.4146,34.6098,8.7,91.4,31.633357200000003,31.4205298,8,1,2.225806451612904
806,3.537,2.854,23.9,76.1,32.6829,32.7195,10.8,91.3,29.8729035,29.1531468,5,1,10.725806451612904
807,3.122,2.902,22.5,80.3,29.0122,31.8659,10.8,90.9,28.9661031,25.878882400000002,7,1,6.725806451612904
808,2.78,3.098,16.0,79.2,34.061,32.8902,8.2,90.60000000000001,29.7985212,31.267998000000002,10,0,-7.774193548387096
809,2.585,3.098,17.5,77.5,30.3659,31.8659,8.5,90.3,28.7749077,27.7847985,13,0,-9.274193548387096
810,3.183,2.488,21.2,81.9,32.2073,32.4268,9.9,92.30000000000001,29.929936400000003,29.018777299999996,11,1,12.725806451612904
811,2.72,2.707,15.4,79.7,32.6463,29.7317,8.3,90.9,27.0261153,29.936657099999998,6,1,1.225806451612904
812,2.634,2.963,16.0,81.8,33.6463,31.1463,7.8,90.5,28.1874015,31.021888599999997,10,1,-3.774193548387096
813,3.11,2.878,22.0,83.3,29.6585,33.3049,10.5,91.4,30.440678600000005,26.5443575,9,1,1.725806451612904
814,2.793,3.195,14.8,76.7,33.4146,32.122,8.4,90.10000000000001,28.941922,30.6077736,6,0,-6.774193548387096
815,2.659,3.159,21.5,78.3,30.0488,32.2073,8.8,90.2,29.050984599999996,27.4045056,11,0,-9.274193548387096
816,2.817,2.549,17.8,83.2,30.1829,33.122,9.3,92.30000000000001,30.571606000000003,27.375890300000002,13,1,4.725806451612904
817,2.817,2.707,19.3,80.8,31.2195,29.8415,9.0,90.9,27.125923500000003,28.409745,8,1,0.2258064516129039
818,2.89,2.463,20.4,85.0,31.0244,30.939,9.3,92.0,28.46388,28.1391308,8,1,3.225806451612904
819,3.012,2.756,20.6,84.8,32.9512,30.3415,9.1,90.9,27.580423500000002,29.9526408,10,1,4.225806451612904
820,2.878,2.756,17.2,76.2,33.6707,31.3049,8.5,91.2,28.550068800000002,30.808690499999997,7,1,2.725806451612904
821,3.049,2.793,20.4,81.2,30.1951,31.3293,10.1,91.10000000000001,28.5409923,27.1453949,11,1,4.725806451612904
822,3.329,2.634,23.4,81.8,32.2317,31.8659,10.3,91.7,29.221030300000002,28.9118349,10,1,11.225806451612904
823,2.512,3.061,16.9,79.6,29.878,32.2195,8.4,90.5,29.158647499999997,27.368248,12,0,-10.774193548387096
824,3.268,2.744,21.0,81.4,32.7561,30.7439,10.0,91.10000000000001,28.007692900000002,29.480490000000003,7,1,8.725806451612904
825,2.671,3.305,17.7,84.3,30.3415,31.6098,8.8,89.5,28.290771,27.671448,10,0,-9.37096774193548
826,2.72,2.329,14.5,79.9,28.7805,30.9024,9.4,92.5,28.58472,26.075133,7,1,6.12903225806452
827,2.695,3.256,19.4,78.2,29.1829,33.8293,9.2,90.4,30.581687200000005,26.4980732,14,0,-6.37096774193548
828,2.939,3.415,17.1,78.5,31.5,32.5,9.3,89.5,29.087500000000002,28.570500000000003,8,1,-4.37096774193548
829,3.305,2.902,24.6,79.7,33.3049,33.2805,9.9,91.3,30.385096500000003,30.007714900000003,12,0,4.62903225806452
830,3.134,2.585,25.9,79.9,32.6829,29.4634,9.6,91.2,26.8706208,29.545341599999997,9,1,8.12903225806452
831,2.695,3.268,19.5,80.9,32.8902,32.9756,8.2,90.10000000000001,29.7110156,30.1932036,10,1,-7.37096774193548
832,3.0,2.878,13.2,80.9,34.0976,31.0732,8.8,90.7,28.183392400000002,31.0970112,8,1,2.6290322580645196
833,2.951,3.671,20.4,79.2,29.622,35.7439,10.0,89.7,32.062278299999996,26.6598,6,0,-13.37096774193548
834,3.488,3.037,21.8,79.9,33.3659,33.1341,10.5,90.8,30.085762799999998,29.862480500000004,8,1,4.62903225806452
835,2.963,2.695,17.8,81.6,34.4146,28.5732,8.6,90.60000000000001,25.8873192,31.454944400000002,7,1,4.12903225806452
836,3.22,3.329,26.8,81.3,32.9878,30.6829,9.8,89.1,27.3384639,29.7549956,14,0,-2.3709677419354804
837,3.89,2.695,28.2,85.0,31.9512,32.1098,12.2,91.60000000000001,29.4125768,28.0531536,4,1,18.62903225806452
838,3.341,3.024,20.8,78.9,30.3902,31.5122,11.0,90.4,28.4870288,27.047278000000002,8,1,6.62903225806452
839,3.256,3.549,20.2,72.7,32.5488,34.7805,10.0,89.8,31.232889000000004,29.29392,12,0,-3.3709677419354804
840,2.732,3.317,18.1,77.1,29.1951,33.6707,9.4,90.10000000000001,30.337300699999997,26.450760600000002,10,0,-8.37096774193548
841,2.878,2.585,12.9,82.1,32.6585,29.9878,8.8,91.4,27.408849200000002,29.784551999999998,6,1,4.62903225806452
842,2.976,2.683,21.1,81.5,31.7561,28.5976,9.4,90.60000000000001,25.909425600000002,28.771026600000003,9,1,4.12903225806452
843,3.524,2.72,19.3,79.7,32.3902,28.0732,10.9,90.3,25.3500996,28.8596682,7,1,8.12903225806452
844,3.146,2.976,22.0,78.7,32.6341,31.939,9.6,90.7,28.968673000000003,29.501226399999997,14,1,-0.37096774193548043
845,2.793,3.305,21.2,74.8,29.1707,31.6951,9.6,89.60000000000001,28.3988096,26.3703128,9,0,-5.87096774193548
846,2.671,3.024,17.1,81.1,29.6707,31.6707,9.0,90.5,28.6619835,27.000337000000002,11,1,-4.87096774193548
847,2.39,3.024,17.0,79.7,27.6951,33.2317,8.6,90.9,30.207615299999997,25.3133214,10,0,-5.37096774193548
848,2.549,2.439,21.0,82.8,30.7195,31.5976,8.3,92.30000000000001,29.1645848,28.169781500000003,7,1,1.1290322580645196
849,2.427,3.159,15.8,76.5,28.7561,31.439,8.4,90.0,28.2951,26.340587600000003,9,1,-9.87096774193548
850,3.524,3.146,23.6,80.8,33.0244,28.3293,10.7,88.9,25.1847477,29.490789200000002,9,1,5.12903225806452
851,3.122,2.817,15.4,85.0,31.6098,29.4878,9.9,90.4,26.6569712,28.4804298,4,1,3.6290322580645196
852,2.561,2.841,20.3,81.7,31.3049,29.5,8.2,90.4,26.668,28.7378982,9,1,-3.8709677419354804
853,3.293,2.963,24.8,79.2,31.1829,33.4268,10.6,91.10000000000001,30.4518148,27.8775126,5,1,4.12903225806452
854,2.549,2.683,16.3,85.0,30.7439,30.8171,8.3,91.3,28.1360123,28.1921563,8,1,-2.3709677419354804
855,3.0,2.78,16.8,80.9,34.3171,29.2561,8.7,90.5,26.4767705,31.331512300000004,7,1,1.1290322580645196
856,2.681,3.246,17.9,82.3,30.6812,32.6957,8.7,90.10000000000001,29.458825700000002,28.0119356,12,0,-4.935483870967744
857,2.779,2.794,17.3,80.7,29.6471,31.2206,9.4,91.10000000000001,28.4419666,26.8602726,10,1,1.0645161290322562
858,3.329,3.143,22.9,77.4,31.0714,34.0143,10.7,90.8,30.8849844,27.7467602,5,1,0.5645161290322562
859,3.29,2.768,20.8,81.8,31.3913,28.6522,10.5,90.3,25.872936600000003,28.0952135,7,1,5.564516129032256
860,3.203,2.841,19.9,82.1,31.942,29.7246,10.0,90.4,26.8710384,28.7478,6,1,4.064516129032256
861,3.243,2.386,25.2,84.3,32.1,30.0429,10.1,92.10000000000001,27.669510900000002,28.8579,12,1,11.064516129032256
862,2.797,3.116,18.9,74.6,29.2899,31.1304,9.5,90.0,28.017360000000004,26.5073595,8,1,-4.935483870967744
863,2.93,3.099,17.7,78.7,34.1127,31.0986,8.6,90.0,27.98874,31.179007799999997,9,0,-3.4354838709677438
864,2.676,3.352,14.2,76.1,30.6197,33.5775,8.7,90.0,30.21975,27.9557861,12,0,-7.935483870967744
865,3.386,3.171,23.1,77.7,32.8857,31.9,10.3,90.10000000000001,28.7419,29.4984729,9,1,1.5645161290322562
866,3.191,2.838,22.3,84.0,33.25,29.3235,9.6,90.3,26.4791205,30.058,5,1,1.5645161290322562
867,3.304,3.246,21.3,78.5,32.6522,32.2754,10.1,89.9,29.015584599999997,29.3543278,8,1,0.06451612903225623
868,3.471,2.771,23.1,81.4,31.0857,30.9286,11.2,91.0,28.145026,27.6041016,6,1,7.064516129032256
869,3.42,3.072,19.4,82.6,31.971,30.2029,10.7,89.8,27.1222042,28.550103,8,1,6.064516129032256
870,2.971,3.057,15.2,82.1,31.8143,35.1143,9.3,91.3,32.0593559,28.8555701,8,1,-2.9354838709677438
871,2.0,3.732,14.9,74.3,27.0986,32.8028,7.4,88.6,29.063280799999998,25.0933036,5,0,-19.435483870967744
872,3.072,3.101,17.3,76.1,33.1449,31.2609,9.3,90.10000000000001,28.1660709,30.0624243,8,1,0.06451612903225623
873,3.141,2.676,24.3,79.3,30.6901,29.5775,10.2,91.0,26.915525000000002,27.5597098,10,1,8.064516129032256
874,2.914,3.057,21.2,82.1,31.6,32.4429,9.2,90.60000000000001,29.393267400000003,28.692800000000002,7,1,0.5645161290322562
875,3.371,2.714,19.1,81.4,32.2429,31.3286,10.5,91.3,28.6030118,28.8573955,8,1,7.064516129032256
876,3.141,3.028,29.5,84.4,29.5775,32.0282,10.6,90.5,28.985521,26.442285000000002,9,1,2.5645161290322562
877,3.246,3.101,24.1,80.5,31.2029,33.2899,10.4,90.7,30.193939300000004,27.9577984,6,1,0.06451612903225623
878,2.563,3.169,14.7,77.0,29.662,32.1408,8.6,90.10000000000001,28.9588608,27.111068,9,0,-5.435483870967744
879,2.58,2.522,21.1,79.7,30.6232,31.5507,8.4,92.0,29.026644,28.0508512,8,1,2.0645161290322562
880,2.529,2.986,17.1,77.4,33.2143,29.7,7.6,89.9,26.7003,30.690013200000003,6,0,-6.935483870967744
881,2.571,3.214,17.5,85.7,30.0143,30.5714,8.6,89.5,27.361403000000003,27.4330702,5,1,-7.435483870967744
882,2.571,2.614,16.4,81.7,32.4571,29.8857,7.9,91.3,27.285644100000003,29.892989099999998,15,1,1.5645161290322562
883,3.159,3.145,21.3,77.2,30.1014,30.6522,10.5,89.7,27.4950234,26.940753,7,1,-0.43548387096774377
884,3.0,2.831,20.5,77.6,31.2958,32.6056,9.6,91.3,29.768912800000003,28.2914032,6,1,1.0645161290322562
885,2.714,2.614,19.2,82.7,31.7143,32.4286,8.6,91.9,29.801883400000005,28.986870200000002,8,1,-1.9354838709677438
886,3.155,2.944,22.0,76.6,34.507,29.3239,9.1,90.0,26.39151,31.366863,8,1,4.064516129032256
